,Postcode,Commune,age0_4,age5_9,age10_14,age15_19,age20_24,age25_29,age30_34,age35_39,age40_44,age45_49,age50_54,age55_59,age60_64,age65_69,age70_74,age75_79,age80_84,age85_89,age90_94,age95_99,age100_and_over,Total
0,1050,København K ,0,0,0,1,3,0,0,0,3,2,0,1,0,1,3,1,2,0,0,0,0,17
1,1051,København K ,12,8,10,19,51,52,52,32,14,25,27,32,17,22,14,16,15,6,1,0,0,425
2,1052,København K ,17,17,15,18,52,39,35,22,18,32,26,21,20,21,14,15,12,3,3,0,0,400
3,1053,København K ,10,6,4,7,9,30,20,22,20,14,21,37,33,24,29,12,5,2,0,0,0,305
4,1054,København K ,24,20,14,11,35,49,40,21,18,27,26,38,22,15,17,15,7,1,1,0,0,401
5,1055,København K ,22,13,12,16,32,37,30,18,19,27,25,22,13,23,13,12,8,1,0,1,0,344
6,1056,København K ,0,0,7,0,0,0,1,1,1,6,6,10,3,4,3,3,5,2,0,0,0,52
7,1057,København K ,9,17,8,21,18,33,24,18,15,17,20,24,12,17,16,14,9,1,1,0,0,294
8,1058,København K ,11,10,12,15,8,14,10,17,14,11,15,15,9,10,8,15,8,3,1,0,0,206
9,1059,København K ,0,0,0,3,4,0,0,3,1,1,2,1,0,1,0,2,0,0,0,0,0,18
10,1061,København K ,0,2,1,0,1,3,0,0,0,1,0,1,1,0,0,0,3,0,0,0,0,13
11,1062,København K ,0,0,0,1,0,8,2,0,0,0,2,3,0,1,0,1,3,0,0,0,0,21
12,1063,København K ,8,1,2,1,12,29,13,6,8,4,7,5,7,1,3,1,3,1,0,0,0,112
13,1064,København K ,0,0,0,0,1,4,0,0,0,0,0,1,0,0,2,0,0,0,0,0,0,8
14,1065,København K ,0,0,0,0,3,7,4,1,0,0,1,0,0,0,0,0,0,0,0,0,0,16
15,1066,København K ,4,0,2,4,9,15,4,2,4,6,1,2,4,2,1,1,2,0,0,0,0,63
16,1067,København K ,4,4,3,3,10,17,15,8,6,5,4,7,2,1,1,3,1,0,0,1,0,95
17,1068,København K ,1,0,0,0,7,4,1,3,2,3,4,3,5,1,4,3,0,2,0,0,0,43
18,1069,København K ,2,0,1,5,5,6,4,1,1,4,1,4,2,0,2,2,1,1,1,0,0,43
19,1070,København K ,3,2,0,1,2,13,5,3,5,3,4,2,3,1,3,4,1,0,0,0,0,55
20,1071,København K ,3,1,1,0,2,14,8,4,2,4,3,1,2,1,1,2,3,2,1,0,0,55
21,1072,København K ,0,0,0,0,0,0,0,0,0,0,3,0,0,0,1,0,0,0,0,0,0,4
22,1073,København K ,1,0,0,1,1,0,0,0,1,1,0,0,0,0,0,0,0,0,0,0,0,5
23,1074,København K ,0,0,1,0,3,5,2,1,1,1,1,1,2,0,0,0,1,0,0,0,0,19
24,1100,København K ,0,0,1,1,2,6,2,0,4,2,2,1,2,1,0,1,0,0,0,0,0,25
25,1101,København K ,0,2,1,5,7,5,7,3,2,5,9,8,7,5,1,4,0,0,1,0,0,72
26,1102,København K ,0,0,0,0,0,1,1,0,0,0,0,0,0,0,0,0,0,0,0,0,0,2
27,1103,København K ,0,0,0,0,3,1,3,0,0,0,0,0,0,0,0,0,0,0,0,0,0,7
28,1104,København K ,4,1,0,6,15,14,12,3,4,5,5,6,2,5,2,4,4,0,0,0,0,92
29,1105,København K ,0,0,0,0,1,0,0,0,0,0,0,0,0,0,0,0,0,0,0,0,0,1
30,1106,København K ,0,1,0,0,0,1,0,2,0,2,2,1,0,0,0,0,0,0,0,0,0,9
31,1107,København K ,5,1,1,2,19,18,9,8,7,6,9,2,1,2,0,5,1,1,0,0,0,97
32,1110,København K ,7,3,1,1,37,12,8,10,3,7,6,3,0,1,2,2,0,0,0,0,0,103
33,1111,København K ,4,1,3,2,2,13,3,5,4,7,4,4,5,2,7,2,6,0,0,0,0,74
34,1112,København K ,8,1,5,10,40,26,29,15,6,10,12,10,2,3,3,4,3,1,0,0,0,188
35,1113,København K ,0,5,2,2,12,13,5,2,3,6,5,3,3,0,0,1,3,0,0,0,0,65
36,1114,København K ,2,2,5,6,12,23,10,7,3,9,8,4,2,1,1,2,0,1,0,0,0,98
37,1115,København K ,1,0,0,5,4,4,4,0,1,1,5,1,4,2,2,2,0,0,0,0,0,36
38,1116,København K ,0,0,0,3,3,11,7,4,1,5,2,7,3,2,2,1,1,1,0,0,0,53
39,1117,København K ,1,5,1,8,10,14,2,3,7,5,3,10,2,0,1,1,0,0,0,0,0,73
40,1118,København K ,1,0,0,0,0,3,2,0,0,3,0,0,0,0,0,0,0,0,0,0,0,9
41,1119,København K ,1,1,3,6,7,15,5,10,3,5,3,8,2,1,2,2,0,0,0,0,0,74
42,1123,København K ,23,26,36,46,145,108,79,57,46,61,53,62,33,27,22,27,16,8,2,1,0,878
43,1124,København K ,4,4,2,5,21,40,27,5,7,15,7,14,13,2,4,7,1,1,0,0,0,179
44,1125,København K ,0,0,0,3,0,5,9,4,2,1,1,1,0,0,0,0,0,0,0,0,0,26
45,1126,København K ,0,0,0,1,3,0,0,0,0,0,0,0,0,0,0,0,0,0,0,0,0,4
46,1127,København K ,3,2,5,6,9,5,11,5,4,11,7,7,0,4,3,4,0,0,0,0,0,86
47,1128,København K ,1,0,0,0,7,9,0,1,0,0,1,0,0,1,1,0,2,0,0,0,0,23
48,1129,København K ,3,1,0,0,13,17,6,2,6,6,0,1,0,0,0,1,0,0,0,0,0,56
49,1130,København K ,4,5,0,4,17,20,14,1,5,6,6,12,4,6,6,3,1,0,0,0,0,114
50,1131,København K ,0,0,1,0,13,7,1,2,2,0,1,0,2,2,0,1,0,0,0,0,0,32
51,1150,København K ,10,7,5,7,42,81,34,29,7,16,6,6,5,2,3,3,3,0,0,0,0,266
52,1151,København K ,0,0,2,1,23,25,10,1,4,6,5,4,3,1,4,4,2,0,0,0,0,95
53,1152,København K ,2,2,1,2,6,13,11,7,8,5,5,6,2,1,0,1,1,0,0,0,0,73
54,1153,København K ,1,1,2,5,7,9,8,2,5,3,8,3,6,2,0,3,2,0,1,0,0,68
55,1154,København K ,6,6,5,3,18,16,19,6,7,10,5,3,2,3,4,5,0,0,0,0,0,118
56,1156,København K ,0,0,1,0,2,2,3,2,0,3,0,4,0,3,0,0,0,0,0,0,0,20
57,1157,København K ,2,3,1,0,11,24,8,4,3,4,6,3,3,2,2,1,1,0,0,0,0,78
58,1158,København K ,0,0,0,0,0,2,0,0,0,0,0,0,0,0,0,0,1,0,0,0,0,3
59,1159,København K ,7,4,5,14,90,119,41,15,8,15,18,15,10,4,6,6,3,2,0,0,0,382
60,1160,København K ,0,0,1,1,7,4,4,1,0,3,2,1,0,1,1,2,1,1,0,0,0,30
61,1161,København K ,0,0,1,0,10,8,8,2,1,3,2,1,0,2,1,1,0,0,0,0,0,40
62,1164,København K ,2,1,0,0,13,11,9,4,2,0,1,4,1,1,0,0,0,0,0,0,0,49
63,1165,København K ,9,2,2,6,67,84,41,10,7,6,9,9,7,2,6,1,2,0,1,0,0,271
64,1166,København K ,0,0,0,0,2,0,4,0,0,1,0,1,0,0,0,0,0,0,0,0,0,8
65,1169,København K ,2,1,4,6,83,148,24,5,6,6,6,4,2,0,1,2,1,0,0,0,0,301
66,1170,København K ,0,0,0,0,1,0,0,0,1,0,1,2,0,1,3,5,3,1,0,0,0,18
67,1171,København K ,11,11,12,16,80,53,20,14,20,20,18,18,15,8,11,10,1,2,0,0,0,340
68,1172,København K ,1,4,5,1,20,15,7,5,6,6,10,4,4,5,1,6,4,0,0,0,0,104
69,1173,København K ,6,2,4,5,30,22,13,7,3,9,6,12,6,8,5,4,5,0,0,0,0,147
70,1174,København K ,7,8,7,6,33,27,21,7,12,14,6,6,7,4,8,4,2,2,1,0,0,182
71,1175,København K ,0,0,2,1,6,6,4,1,2,2,1,0,1,1,0,0,0,0,0,0,0,27
72,1200,København K ,6,2,2,4,8,6,7,6,6,4,1,2,1,0,1,0,1,1,0,0,0,58
73,1201,København K ,1,4,2,3,16,12,8,1,6,11,5,6,4,2,2,2,2,0,0,1,0,88
74,1202,København K ,3,2,1,4,8,4,4,3,2,1,7,1,3,1,2,1,0,0,1,0,0,48
75,1203,København K ,0,0,4,8,4,4,7,3,1,10,4,9,3,3,4,8,5,0,0,0,0,77
76,1204,København K ,3,1,0,0,2,4,5,7,7,3,2,3,5,1,2,0,0,1,0,0,0,46
77,1205,København K ,4,0,1,2,7,10,2,7,6,5,1,2,2,1,1,3,0,0,0,0,0,54
78,1206,København K ,2,0,0,1,8,7,2,1,1,0,1,4,1,1,1,3,1,1,1,0,0,36
79,1207,København K ,3,1,1,2,5,6,10,6,3,3,3,2,2,0,1,3,1,1,0,0,0,53
80,1208,København K ,3,2,5,8,40,27,12,10,11,9,11,6,8,3,1,4,1,1,0,0,0,162
81,1209,København K ,4,6,3,3,30,31,21,8,4,10,9,10,8,8,4,2,0,1,0,0,0,162
82,1210,København K ,6,3,1,2,22,31,13,7,4,7,6,5,6,4,3,5,1,1,1,0,0,128
83,1211,København K ,3,2,1,3,19,9,2,7,4,7,3,0,2,4,5,6,1,0,0,0,0,78
84,1212,København K ,0,0,0,0,0,0,0,0,0,0,0,0,0,0,0,0,0,0,0,0,0,0
85,1218,København K ,0,0,0,1,1,0,0,0,0,0,4,4,1,1,1,3,0,0,0,0,0,16
86,1219,København K ,0,0,0,0,2,1,1,0,0,4,0,0,0,0,0,0,0,0,0,0,0,8
87,1220,København K ,4,3,5,5,11,10,10,4,4,9,14,10,12,3,2,3,3,1,1,0,0,114
88,1250,København K ,3,3,6,3,13,6,13,8,4,3,9,7,3,2,4,3,0,0,0,0,0,90
89,1251,København K ,0,0,0,4,3,5,5,0,4,9,7,7,5,2,3,2,1,0,0,0,0,57
90,1253,København K ,23,22,19,20,46,91,59,47,38,36,36,50,19,27,38,35,18,2,2,0,0,628
91,1254,København K ,10,5,7,3,29,28,23,15,13,14,11,18,9,9,7,14,4,3,0,0,0,222
92,1255,København K ,4,1,1,2,9,17,17,6,5,9,5,8,7,1,1,0,1,1,1,0,1,97
93,1256,København K ,19,15,7,22,38,50,31,24,22,29,35,36,18,15,13,17,18,2,2,0,0,413
94,1257,København K ,0,0,2,5,1,2,0,0,0,1,3,1,1,1,1,1,1,0,0,0,0,20
95,1259,København K ,0,0,0,0,0,0,0,0,0,0,0,0,0,0,0,0,0,0,0,0,0,0
96,1260,København K ,13,18,15,20,25,40,26,13,19,36,27,41,20,14,8,12,13,5,0,2,0,367
97,1261,København K ,2,6,8,12,2,3,5,5,1,6,6,3,5,1,3,3,2,1,0,0,0,74
98,1263,København K ,7,2,11,13,13,12,16,8,12,7,21,17,11,13,7,10,10,4,1,0,0,195
99,1264,København K ,60,32,39,55,177,250,140,84,71,88,92,79,46,34,34,31,9,5,3,1,0,1330
100,1265,København K ,4,4,5,6,2,11,5,11,8,8,16,14,12,7,4,11,5,0,0,0,0,133
101,1266,København K ,1,3,3,4,10,7,7,3,6,4,5,8,3,4,10,2,5,1,0,0,0,86
102,1267,København K ,1,1,2,4,2,4,0,3,0,2,9,4,5,13,3,10,5,0,2,0,0,70
103,1268,København K ,3,3,3,4,9,1,0,4,5,5,4,3,0,1,1,2,1,1,0,0,0,50
104,1270,København K ,1,6,1,1,10,16,10,4,8,4,11,10,12,10,9,11,4,1,1,0,0,130
105,1271,København K ,0,0,0,2,2,0,1,0,0,0,1,5,0,0,2,0,2,0,0,0,0,15
106,1300,København K ,18,6,14,12,39,62,49,13,16,21,29,23,19,24,40,43,25,18,4,0,0,475
107,1302,København K ,31,19,10,25,94,117,83,44,41,34,45,55,45,43,70,72,57,25,12,2,0,924
108,1303,København K ,8,0,3,5,8,22,18,5,1,5,5,10,7,3,0,8,2,0,0,0,0,110
109,1304,København K ,17,12,7,13,49,72,41,30,21,29,25,33,31,31,30,24,12,7,6,1,0,491
110,1306,København K ,25,18,22,33,64,65,51,34,26,37,45,49,35,22,32,43,20,26,6,7,1,661
111,1307,København K ,53,39,31,49,433,389,152,93,59,70,69,57,32,22,33,40,19,11,4,1,0,1656
112,1308,København K ,16,17,9,9,32,44,30,19,14,24,14,12,12,8,16,3,0,0,1,1,0,281
113,1309,København K ,5,2,4,4,1,0,3,5,3,7,8,12,9,11,12,16,26,13,12,10,1,164
114,1310,København K ,29,16,23,29,81,116,68,20,28,46,42,43,37,37,22,24,13,3,0,0,0,677
115,1311,København K ,16,11,11,10,28,68,37,19,22,23,30,28,28,17,15,8,6,3,0,0,0,380
116,1312,København K ,0,1,0,1,2,6,2,0,0,1,6,0,1,0,0,0,0,0,0,0,0,20
117,1313,København K ,18,12,13,12,35,27,19,19,19,16,16,11,11,10,7,3,1,0,0,0,0,249
118,1314,København K ,3,3,2,5,3,6,7,5,2,6,6,10,7,3,4,1,2,3,1,1,0,80
119,1315,København K ,0,0,0,0,5,19,15,5,0,0,0,0,1,1,0,0,0,0,0,0,0,46
120,1316,København K ,5,3,8,12,31,29,14,4,9,8,15,23,20,14,15,23,5,1,0,0,0,239
121,1317,København K ,4,2,0,0,1,6,4,4,2,4,3,3,3,2,1,0,1,0,0,0,0,40
122,1318,København K ,3,1,1,2,2,6,2,1,1,4,3,2,5,2,5,6,3,1,0,0,0,50
123,1319,København K ,17,3,4,7,42,60,29,22,12,7,10,13,4,11,9,15,2,5,0,0,0,272
124,1320,København K ,0,1,0,1,6,10,8,3,0,3,1,1,1,0,0,0,0,0,0,0,0,35
125,1321,København K ,4,1,0,1,1,11,2,2,1,1,2,1,0,0,0,0,0,0,0,0,0,27
126,1322,København K ,5,0,0,0,7,43,13,3,1,1,2,2,1,0,2,1,0,0,0,0,0,81
127,1323,København K ,2,2,0,0,3,14,4,3,1,0,3,3,0,0,0,0,0,0,0,0,0,35
128,1324,København K ,6,0,0,1,17,58,8,8,4,4,3,5,1,0,0,0,0,0,0,0,0,115
129,1325,København K ,2,2,3,2,8,58,10,6,1,5,4,4,0,0,0,0,0,0,0,0,0,105
130,1326,København K ,1,3,3,2,2,17,6,3,2,1,1,1,3,0,0,0,0,0,0,0,0,45
131,1327,København K ,3,2,2,4,2,7,5,0,2,4,2,2,1,0,0,0,0,0,0,0,0,36
132,1328,København K ,4,1,0,2,3,29,10,1,1,1,5,4,1,0,0,0,0,0,0,0,0,62
133,1329,København K ,0,0,0,0,0,3,2,4,1,1,0,3,1,5,0,1,1,0,0,0,0,22
134,1350,København K ,6,4,8,14,108,57,18,5,7,11,14,14,8,23,10,12,0,1,0,0,0,320
135,1352,København K ,25,26,24,19,51,72,39,35,41,40,31,24,26,20,8,11,4,5,1,0,0,502
136,1353,København K ,6,4,2,2,9,15,16,3,2,5,1,5,2,4,1,2,2,2,0,0,0,83
137,1354,København K ,30,26,25,27,72,57,46,38,40,30,25,27,25,28,16,8,5,4,0,0,0,529
138,1355,København K ,33,30,26,23,49,30,26,30,34,30,24,21,29,17,12,9,4,3,0,0,0,430
139,1356,København K ,3,2,5,10,10,21,16,3,5,12,14,17,6,8,6,10,4,0,1,0,0,153
140,1357,København K ,4,9,8,11,12,22,15,9,10,8,12,14,2,5,9,4,0,0,0,0,0,154
141,1358,København K ,19,17,13,12,43,58,37,27,25,22,28,24,13,11,8,10,2,2,0,0,0,371
142,1359,København K ,5,3,4,13,23,50,36,16,12,9,20,14,9,6,5,5,1,1,2,0,0,234
143,1360,København K ,19,25,37,46,93,125,59,33,39,36,52,51,25,22,20,20,9,1,1,0,0,713
144,1361,København K ,23,19,15,14,24,29,34,32,25,19,20,26,13,12,9,3,2,0,0,0,0,319
145,1362,København K ,7,16,16,20,65,64,31,26,20,20,31,24,17,13,5,5,6,1,0,0,0,387
146,1363,København K ,22,14,19,29,52,69,45,33,21,35,45,35,18,10,18,13,11,1,0,0,0,490
147,1364,København K ,49,37,28,55,98,144,109,71,76,52,68,52,33,36,39,28,13,1,0,0,0,989
148,1365,København K ,8,9,11,10,8,14,30,13,12,13,16,17,16,4,7,3,2,0,0,0,0,193
149,1366,København K ,75,47,53,58,134,164,150,79,84,100,87,71,48,46,31,32,25,8,2,0,0,1294
150,1367,København K ,23,19,13,10,20,59,42,38,27,14,31,21,11,12,9,5,1,0,0,0,0,355
151,1368,København K ,8,20,21,13,41,30,24,25,30,21,17,24,10,15,13,7,8,1,0,0,0,328
152,1369,København K ,8,8,5,8,38,55,17,25,12,6,10,3,8,3,2,1,1,0,0,0,0,210
153,1370,København K ,34,42,30,30,71,93,63,47,58,50,61,61,39,27,24,12,13,5,1,0,0,761
154,1400,København K ,16,13,16,26,43,51,34,31,27,38,26,35,13,21,9,23,10,2,0,0,0,434
155,1401,København K ,38,35,43,57,53,55,53,45,58,74,85,101,89,66,77,59,28,10,3,0,0,1029
156,1402,København K ,14,5,9,4,5,8,14,16,10,18,19,30,17,38,39,28,17,5,0,1,0,297
157,1403,København K ,0,1,1,0,1,0,0,0,0,2,0,0,0,0,0,0,2,0,0,0,0,7
158,1406,København K ,0,0,1,1,0,2,0,0,2,0,5,4,8,11,3,6,0,0,0,0,0,43
159,1407,København K ,6,2,1,8,4,7,10,16,5,9,9,15,7,9,2,9,2,0,0,0,0,121
160,1408,København K ,23,15,17,24,21,54,55,38,30,33,46,40,39,37,46,51,16,3,2,0,0,590
161,1410,København K ,0,0,1,1,5,6,2,0,1,2,1,4,0,0,1,1,1,0,0,0,0,26
162,1411,København K ,21,23,11,20,51,95,54,49,31,31,35,29,20,23,16,8,1,1,0,0,0,519
163,1412,København K ,1,0,0,3,0,8,5,5,3,1,3,2,2,0,0,1,0,0,0,0,0,34
164,1413,København K ,4,1,3,1,5,8,16,12,9,6,2,8,3,5,5,0,0,0,0,1,0,89
165,1414,København K ,11,6,4,8,8,17,18,10,10,15,9,16,16,20,19,35,17,1,1,0,0,241
166,1415,København K ,37,24,23,25,48,69,66,40,20,50,36,57,37,40,44,57,34,12,5,1,0,725
167,1416,København K ,28,9,25,19,36,46,45,19,28,30,37,41,32,21,16,20,6,4,0,0,0,462
168,1417,København K ,5,7,7,3,3,4,4,5,6,9,7,8,1,11,3,1,2,1,1,0,1,89
169,1418,København K ,13,4,4,12,39,58,25,9,11,10,13,11,20,11,8,6,4,1,1,0,0,260
170,1419,København K ,2,0,0,1,0,1,1,2,2,2,2,1,1,1,0,0,0,0,0,0,0,16
171,1420,København K ,20,13,25,25,81,103,56,30,37,42,39,34,33,36,35,27,14,5,0,0,0,655
172,1421,København K ,2,2,0,2,3,3,5,4,1,1,2,4,1,2,0,1,0,0,0,0,0,33
173,1422,København K ,45,31,23,28,66,89,87,54,43,52,61,51,56,56,50,41,19,5,0,0,0,857
174,1423,København K ,2,3,5,0,2,7,9,2,5,5,6,5,7,8,6,10,3,0,0,0,0,85
175,1424,København K ,23,10,10,9,31,53,52,34,24,24,16,31,19,19,25,12,5,2,0,0,0,399
176,1425,København K ,9,8,2,6,20,29,25,18,8,6,24,11,21,23,15,22,21,4,2,0,0,274
177,1426,København K ,2,0,0,0,0,1,4,0,1,2,4,8,10,7,22,37,24,13,3,2,0,140
178,1427,København K ,14,8,4,5,21,26,40,14,15,15,9,10,5,6,5,6,4,0,1,0,0,208
179,1428,København K ,22,8,8,13,41,92,67,37,21,14,17,16,14,23,16,17,5,2,1,0,0,434
180,1429,København K ,22,26,20,16,61,86,60,40,30,28,25,25,26,25,16,12,3,0,0,0,0,521
181,1430,København K ,28,23,18,23,30,36,40,33,28,27,24,25,28,20,16,14,6,3,0,0,0,422
182,1431,København K ,0,0,0,0,0,0,0,0,0,0,0,0,0,0,0,0,0,0,0,0,0,0
183,1432,København K ,181,166,113,80,392,320,235,182,167,121,87,66,21,34,22,13,4,2,0,0,0,2206
184,1433,København K ,0,0,0,0,0,0,0,0,0,0,0,0,0,0,0,0,0,0,0,0,0,0
185,1434,København K ,7,4,7,6,5,2,5,4,8,7,12,16,10,12,19,12,4,1,0,0,0,141
186,1435,København K ,3,2,9,8,5,1,2,3,6,7,7,5,8,11,13,6,6,0,2,0,0,104
187,1436,København K ,2,3,13,19,10,3,2,3,9,10,26,28,20,39,39,43,22,10,0,0,0,301
188,1437,København K ,28,20,18,18,11,5,22,21,32,23,39,64,40,34,55,21,8,0,0,0,0,459
189,1439,København K ,28,11,4,8,6,9,3,27,14,13,10,11,5,5,1,2,0,0,0,0,0,157
190,1440,København K ,30,37,30,35,24,31,62,48,60,57,59,71,65,41,38,21,5,0,0,0,0,714
191,1441,København K ,2,10,10,6,8,5,11,6,13,10,13,16,14,15,15,2,1,0,0,0,0,157
192,1450,København K ,1,1,0,1,5,4,5,8,6,1,9,3,2,0,0,0,0,0,0,0,0,46
193,1451,København K ,3,2,1,1,19,12,3,6,2,6,4,6,4,1,4,2,1,1,0,0,0,78
194,1452,København K ,6,5,3,6,26,16,13,8,11,6,12,5,8,4,5,4,1,0,0,0,0,139
195,1453,København K ,10,13,13,11,33,69,33,19,14,19,16,25,16,19,8,4,2,0,0,0,0,324
196,1454,København K ,3,0,1,4,32,34,26,15,5,7,13,11,9,3,5,4,1,0,0,0,0,173
197,1455,København K ,16,7,4,11,61,53,41,15,18,16,20,16,7,9,10,12,3,2,0,0,0,321
198,1456,København K ,1,2,4,2,42,37,16,14,4,2,6,0,1,1,1,0,0,0,0,0,0,133
199,1457,København K ,0,0,0,0,2,1,0,0,1,0,0,0,0,0,1,0,0,0,0,0,0,5
200,1458,København K ,7,1,1,2,12,12,12,6,3,0,3,4,2,2,2,3,1,1,0,0,0,74
201,1459,København K ,1,1,0,1,14,11,6,2,1,2,0,2,1,0,1,0,0,0,0,0,0,43
202,1460,København K ,2,3,2,2,11,11,2,8,6,3,2,3,1,1,1,1,1,0,0,0,0,60
203,1462,København K ,6,0,2,2,14,7,16,8,5,4,6,7,4,0,1,3,2,0,0,0,0,87
204,1463,København K ,0,2,1,1,6,9,1,2,3,2,0,0,0,0,0,0,0,0,0,0,0,27
205,1464,København K ,1,0,0,0,0,2,3,1,0,0,0,0,0,0,0,0,0,0,0,0,0,7
206,1466,København K ,3,0,3,6,17,25,15,4,8,8,6,4,2,1,0,1,2,0,0,0,0,105
207,1467,København K ,2,0,0,1,18,7,7,3,3,4,5,1,0,1,1,1,0,0,0,0,0,54
208,1468,København K ,5,5,3,3,9,25,14,8,7,8,9,7,6,1,5,1,1,1,0,0,0,118
209,1470,København K ,2,1,1,9,1,0,1,2,3,1,5,4,4,5,12,10,6,2,1,1,0,71
210,1471,København K ,0,0,0,0,6,8,4,2,3,1,0,3,1,2,0,5,1,0,0,0,0,36
211,1472,København K ,1,0,2,0,12,12,6,6,3,3,0,3,7,3,1,1,1,0,0,0,0,61
212,1473,København K ,1,0,0,1,1,1,1,2,2,0,4,1,1,1,0,0,0,0,0,0,0,16
213,1500,København V ,0,0,0,0,0,0,0,0,0,0,0,0,0,0,0,0,0,0,0,0,0,0
214,1550,København V ,0,0,0,0,6,6,0,0,0,0,0,0,0,0,0,1,0,0,0,0,0,13
215,1551,København V ,0,0,0,0,0,0,0,0,0,0,0,0,0,0,0,0,0,0,0,0,0,0
216,1552,København V ,13,10,24,25,25,52,36,32,29,20,26,24,13,15,10,8,7,2,1,0,0,372
217,1553,København V ,19,15,18,20,46,47,39,22,18,35,32,16,7,6,7,9,6,1,0,0,0,363
218,1554,København V ,0,0,0,0,0,0,0,0,0,0,0,0,0,0,0,0,0,0,0,0,0,0
219,1555,København V ,2,1,0,0,5,7,3,1,0,0,1,1,0,1,1,0,1,0,0,0,0,24
220,1556,København V ,1,2,4,3,2,1,1,6,2,3,3,4,2,1,3,6,2,2,0,0,0,48
221,1557,København V ,3,5,7,7,5,4,4,3,8,4,6,4,5,5,2,7,2,2,0,0,0,83
222,1558,København V ,0,1,6,7,7,0,1,3,1,7,9,1,4,0,0,4,0,0,0,1,0,52
223,1559,København V ,2,0,1,1,5,3,4,2,0,1,3,4,1,1,1,0,2,0,0,0,0,31
224,1560,København V ,0,0,0,0,0,0,1,1,2,2,0,0,0,0,0,0,0,0,0,0,0,6
225,1561,København V ,38,17,16,18,27,58,98,72,54,62,53,63,46,30,25,13,4,2,0,0,0,696
226,1562,København V ,2,0,0,3,3,3,1,2,2,1,9,4,1,3,2,2,0,0,0,0,0,38
227,1563,København V ,0,1,1,1,1,4,0,1,2,2,4,3,1,0,1,2,0,0,0,0,0,24
228,1564,København V ,9,6,4,3,9,5,14,9,5,13,7,3,12,8,3,5,2,1,0,0,0,118
229,1568,København V ,3,1,2,1,6,1,6,3,3,1,9,5,6,2,3,6,2,1,1,1,0,63
230,1569,København V ,6,4,3,4,0,6,7,6,7,3,5,3,6,7,6,11,2,0,0,0,0,86
231,1570,København V ,0,0,0,0,0,0,0,0,0,0,0,0,0,0,0,0,0,0,0,0,0,0
232,1571,København V ,0,0,0,0,8,14,6,3,2,1,0,0,1,0,1,3,3,0,0,0,0,42
233,1572,København V ,5,0,1,2,17,38,20,12,6,6,8,2,0,1,2,2,1,0,0,0,0,123
234,1573,København V ,22,11,4,14,34,62,41,27,24,15,22,23,13,9,10,14,3,1,0,0,0,349
235,1574,København V ,3,0,6,6,12,11,5,3,2,9,7,5,2,0,2,4,4,2,0,0,0,83
236,1575,København V ,1,0,1,2,0,1,1,0,1,0,1,1,3,0,7,4,2,0,0,0,0,25
237,1576,København V ,0,1,2,2,1,2,3,4,0,9,5,3,3,5,7,5,2,2,0,0,0,56
238,1577,København V ,4,3,4,17,84,213,150,46,33,29,12,10,4,2,0,2,1,0,0,0,0,614
239,1600,København V ,1,0,1,1,2,10,2,4,2,1,0,0,3,3,0,0,0,0,0,0,0,30
240,1601,København V ,15,8,9,8,22,37,31,24,9,21,33,34,39,49,62,56,34,22,10,2,0,525
241,1602,København V ,0,2,0,0,2,6,3,5,1,1,1,1,3,0,0,1,2,0,0,0,0,28
242,1603,København V ,0,1,0,0,27,30,3,1,1,1,0,2,1,0,0,3,0,0,0,0,0,70
243,1605,København V ,0,0,1,1,4,11,8,3,7,4,2,1,0,0,0,0,0,0,0,0,0,42
244,1606,København V ,4,6,3,5,36,38,16,13,9,7,9,4,3,0,2,3,1,0,0,0,0,159
245,1608,København V ,1,0,0,1,9,9,10,3,2,2,1,0,3,0,0,0,0,0,0,0,0,41
246,1609,København V ,0,0,0,0,0,0,0,0,0,0,0,1,0,0,0,1,0,0,0,0,0,2
247,1610,København V ,32,26,33,27,59,75,66,37,48,51,61,31,21,13,15,21,3,1,1,0,0,621
248,1611,København V ,0,0,0,0,0,0,0,0,0,0,0,0,0,0,0,0,0,0,0,0,0,0
249,1614,København V ,3,0,0,1,2,3,11,2,0,0,3,4,2,0,1,0,0,0,0,0,0,32
250,1615,København V ,11,5,0,5,54,54,40,12,8,9,11,9,3,2,2,2,1,1,0,0,0,229
251,1616,København V ,3,4,3,4,19,23,3,2,7,4,6,6,8,4,8,10,3,0,0,0,0,117
252,1617,København V ,7,10,10,11,12,7,11,13,9,16,17,15,7,0,1,6,2,1,0,0,0,155
253,1618,København V ,16,11,18,13,32,47,29,11,28,22,21,20,8,7,2,3,0,0,0,0,0,288
254,1619,København V ,6,0,2,5,20,31,12,10,10,9,9,9,9,2,2,1,1,1,0,0,0,139
255,1620,København V ,143,116,164,154,422,442,360,202,221,260,214,154,112,64,57,48,17,6,0,1,0,3157
256,1621,København V ,5,9,7,9,9,13,10,7,12,9,7,12,2,2,5,2,0,0,1,0,0,121
257,1622,København V ,12,8,2,1,12,26,28,22,15,5,13,11,4,5,12,6,2,2,0,0,0,186
258,1623,København V ,4,3,2,4,31,22,21,6,7,5,8,5,4,4,1,3,1,1,0,0,0,132
259,1624,København V ,10,12,2,7,16,40,32,17,14,10,4,6,5,1,1,1,1,0,0,0,0,179
260,1631,København V ,9,5,0,0,26,34,22,25,9,9,8,8,3,6,7,11,8,3,0,1,0,194
261,1632,København V ,9,7,6,12,6,8,8,6,8,13,11,9,3,12,4,13,8,3,2,0,0,148
262,1633,København V ,3,1,2,4,4,24,10,4,8,9,5,6,7,3,6,3,3,0,0,0,0,102
263,1634,København V ,8,1,3,4,7,28,20,7,8,6,6,11,13,12,13,12,8,4,0,0,0,171
264,1635,København V ,8,6,2,2,12,15,17,10,7,0,3,14,10,16,12,11,2,0,0,1,0,148
265,1650,København V ,124,64,57,54,118,192,211,143,122,127,112,79,48,21,13,12,9,1,3,0,0,1510
266,1651,København V ,15,8,15,16,36,65,33,22,15,28,23,18,13,11,15,7,5,0,0,0,0,345
267,1652,København V ,11,11,18,21,30,38,39,28,18,16,23,13,6,12,5,5,3,0,0,0,0,297
268,1653,København V ,17,7,8,6,26,33,29,19,22,22,21,20,11,3,1,3,1,0,0,0,0,249
269,1654,København V ,18,19,12,16,45,69,53,39,34,29,25,22,13,7,8,1,2,0,0,0,0,412
270,1655,København V ,38,19,30,28,43,64,56,35,38,46,46,40,14,7,10,16,5,4,1,1,0,541
271,1656,København V ,37,37,34,32,67,93,60,47,57,53,53,47,17,11,13,9,4,3,0,0,0,674
272,1657,København V ,30,13,23,24,47,81,66,50,39,47,35,26,14,6,9,5,2,0,0,0,0,517
273,1658,København V ,67,48,45,49,67,78,75,73,60,71,60,49,27,13,22,32,12,8,3,1,1,861
274,1659,København V ,2,0,1,6,7,8,2,4,2,3,7,2,4,0,0,0,2,1,0,0,0,51
275,1660,København V ,33,30,46,43,57,90,67,44,47,61,61,55,47,26,14,8,5,3,0,2,0,739
276,1661,København V ,19,27,22,22,28,35,46,28,33,34,40,45,15,15,10,3,2,2,0,0,0,426
277,1662,København V ,59,55,57,49,57,78,105,56,72,80,59,69,48,34,20,14,8,0,0,0,0,920
278,1663,København V ,98,70,64,56,157,241,200,137,117,133,108,56,46,33,21,17,6,1,1,0,0,1562
279,1664,København V ,2,6,5,1,13,18,13,9,6,12,2,8,3,3,7,0,0,0,0,0,0,108
280,1665,København V ,84,50,68,71,116,194,149,100,103,90,85,52,34,25,21,21,4,2,1,0,1,1271
281,1666,København V ,21,32,30,21,46,142,87,60,48,50,46,43,29,23,6,7,3,4,0,0,0,698
282,1667,København V ,8,8,16,11,10,20,12,6,13,16,16,8,5,4,2,2,0,0,0,0,0,157
283,1668,København V ,18,8,7,15,44,97,58,42,23,36,25,21,10,8,7,5,1,4,1,0,0,430
284,1669,København V ,35,31,18,33,82,132,83,58,64,59,43,35,25,18,12,10,6,0,0,0,0,744
285,1670,København V ,35,23,17,13,27,38,52,34,37,32,21,15,13,12,8,10,7,1,0,0,0,395
286,1671,København V ,42,24,32,35,44,63,54,44,44,47,37,26,20,10,10,8,5,2,0,0,0,547
287,1672,København V ,10,7,7,1,11,23,30,7,13,13,8,8,2,2,1,1,3,0,0,0,0,147
288,1673,København V ,8,8,7,3,16,24,20,15,15,10,4,3,5,3,5,0,3,0,0,0,0,149
289,1674,København V ,92,34,30,28,160,223,202,105,80,58,57,35,31,27,17,16,5,2,1,0,0,1203
290,1675,København V ,7,4,5,6,9,26,25,8,9,13,8,2,1,1,2,0,0,0,0,0,0,126
291,1676,København V ,33,18,14,8,31,63,83,40,25,29,22,9,10,4,3,2,0,0,0,0,0,394
292,1677,København V ,13,8,8,6,9,18,20,14,13,14,8,7,1,2,0,1,1,1,0,0,0,144
293,1700,København V ,51,23,18,23,40,80,74,45,53,44,38,37,24,11,16,12,4,0,0,0,0,593
294,1701,København V ,15,2,2,2,13,25,18,17,6,5,5,8,2,1,2,2,1,0,0,0,0,126
295,1702,København V ,8,6,6,15,12,17,8,9,4,13,13,16,4,2,3,2,1,0,1,0,0,140
296,1703,København V ,10,3,4,4,24,35,28,15,12,10,13,9,5,3,2,2,0,0,0,0,0,179
297,1704,København V ,9,6,1,4,18,14,24,8,9,6,11,12,3,1,2,1,1,0,0,0,0,130
298,1705,København V ,67,56,44,58,64,88,118,72,73,82,67,49,40,15,27,16,8,4,1,0,0,949
299,1706,København V ,9,5,6,8,14,18,16,14,12,9,7,12,5,2,2,0,0,0,0,0,0,139
300,1707,København V ,2,1,3,3,13,10,4,6,1,1,4,2,3,0,3,0,1,0,0,0,0,57
301,1708,København V ,7,0,2,7,32,40,41,23,11,10,8,10,9,4,3,0,0,0,0,0,0,207
302,1709,København V ,30,37,34,46,77,96,74,39,46,56,69,47,20,10,14,8,4,0,0,0,0,707
303,1710,København V ,2,1,1,4,1,1,2,2,2,2,1,5,0,0,1,0,0,0,0,0,0,25
304,1715,København V ,0,0,0,0,0,0,0,0,0,0,0,0,0,0,0,0,0,0,0,0,0,0
305,1717,København V ,21,8,6,4,21,45,45,30,27,12,6,6,2,3,4,8,1,0,0,0,0,249
306,1718,København V ,27,13,4,6,90,153,130,48,43,23,20,19,13,8,5,5,3,2,0,0,0,612
307,1719,København V ,32,20,18,19,54,92,98,50,49,43,31,20,15,13,7,3,2,1,0,0,0,567
308,1720,København V ,127,108,125,87,135,210,183,176,156,184,153,112,69,47,47,31,21,4,2,0,0,1977
309,1721,København V ,74,41,35,24,86,127,130,80,75,56,59,45,31,18,14,6,5,0,0,0,0,906
310,1722,København V ,29,16,17,13,64,69,70,44,34,28,38,24,9,12,2,1,0,1,0,0,0,471
311,1723,København V ,8,5,5,2,3,6,27,11,3,5,6,7,5,5,4,2,3,0,1,0,0,108
312,1724,København V ,4,3,3,2,13,14,18,5,8,6,8,7,3,7,2,3,0,1,0,0,0,107
313,1725,København V ,18,11,12,13,36,61,55,20,21,38,30,13,12,3,5,4,1,1,0,0,0,354
314,1726,København V ,30,23,23,12,45,66,65,34,34,38,25,22,8,6,5,7,3,0,1,0,0,447
315,1727,København V ,25,12,13,8,45,49,52,32,24,13,20,9,11,9,9,6,2,1,0,0,0,340
316,1728,København V ,15,24,21,19,12,22,20,17,29,26,23,25,9,2,6,2,1,1,1,0,0,275
317,1729,København V ,16,15,20,8,10,22,20,20,18,25,18,7,5,4,0,1,1,1,0,0,0,211
318,1730,København V ,22,8,7,3,5,15,31,19,13,12,13,4,4,0,3,2,1,0,0,0,0,162
319,1731,København V ,9,3,4,2,7,14,10,1,9,8,10,8,5,1,2,1,1,0,0,0,0,95
320,1732,København V ,11,5,5,4,6,12,18,11,9,9,12,3,5,3,3,1,0,0,0,0,0,117
321,1733,København V ,9,5,12,6,9,11,8,11,9,12,7,2,2,2,0,2,1,0,0,0,0,108
322,1734,København V ,11,14,5,4,7,8,15,15,7,11,9,4,3,3,1,2,0,1,0,0,0,120
323,1735,København V ,16,9,7,9,19,27,20,26,19,15,10,12,11,3,4,5,1,1,0,0,0,214
324,1736,København V ,6,13,10,8,20,21,29,18,10,17,18,9,7,1,5,1,0,0,0,0,0,193
325,1737,København V ,23,9,11,9,16,28,32,21,28,15,20,6,9,6,4,9,5,0,0,0,0,251
326,1738,København V ,17,13,10,8,14,23,15,19,22,22,16,15,10,6,0,6,4,2,1,0,0,223
327,1739,København V ,6,4,8,4,3,6,13,6,6,12,10,3,2,2,2,1,0,0,0,0,0,88
328,1748,København V ,0,0,0,0,0,0,0,0,0,0,0,0,0,0,0,0,0,0,0,0,0,0
329,1749,København V ,15,9,10,9,4,14,18,13,13,22,28,33,8,11,18,4,1,0,0,0,0,230
330,1750,København V ,58,42,46,35,52,85,100,96,62,58,76,44,24,23,19,20,10,0,1,0,0,851
331,1751,København V ,27,21,19,17,37,60,46,38,34,33,34,27,12,6,4,0,0,1,0,0,0,416
332,1752,København V ,22,24,26,15,25,44,37,29,26,35,16,16,5,4,1,2,0,1,0,0,0,328
333,1753,København V ,3,7,5,4,2,11,7,5,7,13,10,0,0,2,2,0,0,0,0,0,0,78
334,1754,København V ,55,22,31,23,56,86,96,46,39,41,38,21,7,6,3,2,0,0,0,0,0,572
335,1755,København V ,8,3,9,5,9,11,11,7,12,10,9,4,3,6,1,0,0,1,0,0,0,109
336,1756,København V ,28,15,18,10,47,73,54,39,25,27,29,17,11,12,10,7,1,1,1,0,0,425
337,1757,København V ,7,8,4,11,23,26,14,10,10,14,19,8,5,3,5,9,4,0,0,0,0,180
338,1758,København V ,30,13,10,10,25,37,48,41,20,20,17,17,9,11,12,13,3,2,1,1,0,340
339,1759,København V ,1,2,3,4,1,1,2,0,2,5,2,3,0,1,0,2,0,0,0,0,0,29
340,1760,København V ,43,40,39,34,43,47,59,60,52,51,53,48,26,22,17,9,6,1,0,0,0,650
341,1761,København V ,18,24,30,28,23,17,25,17,39,35,34,26,13,22,17,10,10,3,0,0,0,391
342,1762,København V ,26,10,15,22,37,34,52,40,38,33,24,18,11,16,5,5,0,1,0,0,0,387
343,1763,København V ,54,32,24,16,28,41,65,65,47,54,31,21,12,12,15,7,4,0,2,0,0,530
344,1764,København V ,6,9,7,7,19,33,25,20,12,18,13,21,22,17,13,15,2,0,0,0,0,259
345,1765,København V ,21,5,8,4,6,15,25,17,18,9,6,9,6,4,5,3,1,1,0,0,0,163
346,1766,København V ,3,1,1,3,2,1,7,4,4,3,3,4,3,1,2,3,0,0,1,0,0,46
347,1770,København V ,19,15,16,12,7,4,9,15,20,13,9,9,7,11,6,10,3,0,0,0,0,185
348,1771,København V ,5,4,4,1,1,2,2,5,4,4,6,3,0,2,1,3,4,0,0,0,0,51
349,1772,København V ,2,0,3,7,5,5,1,1,1,6,2,4,4,2,4,4,1,2,0,0,0,54
350,1773,København V ,4,2,4,4,2,3,6,1,2,5,6,3,5,2,4,2,1,0,0,0,0,56
351,1774,København V ,11,8,5,9,4,8,7,9,9,7,8,10,5,9,10,6,4,0,0,0,0,129
352,1775,København V ,5,4,0,0,1,3,4,5,3,0,0,6,2,1,3,4,1,0,0,0,0,42
353,1777,København V ,11,10,11,8,4,2,7,3,17,8,14,4,8,5,7,3,1,2,1,0,0,126
354,1799,København V ,541,217,95,119,202,329,641,528,336,226,156,120,72,48,35,27,5,1,1,0,0,3699
355,1800,Frederiksberg C ,37,42,42,59,49,77,43,37,54,58,71,44,37,25,13,22,13,3,1,0,0,727
356,1801,Frederiksberg C ,36,16,17,16,20,7,33,31,20,33,21,30,18,25,19,20,16,11,1,0,0,390
357,1802,Frederiksberg C ,9,12,18,26,14,6,5,8,19,29,18,23,19,8,6,15,5,2,0,0,0,242
358,1803,Frederiksberg C ,2,4,7,8,1,3,2,2,8,13,7,4,9,10,9,6,2,1,0,0,0,98
359,1804,Frederiksberg C ,11,15,13,14,22,14,19,10,12,32,17,27,13,14,10,10,7,3,1,1,0,265
360,1805,Frederiksberg C ,4,2,2,1,1,0,1,3,2,1,3,1,1,2,2,1,2,0,1,0,0,30
361,1806,Frederiksberg C ,5,10,10,11,28,12,2,7,5,13,17,19,10,6,17,10,4,1,1,0,0,188
362,1807,Frederiksberg C ,15,13,14,9,6,11,6,13,13,15,20,16,10,10,11,9,4,3,0,0,0,198
363,1808,Frederiksberg C ,8,7,7,7,4,9,2,5,7,8,11,10,5,4,4,9,7,2,1,0,0,117
364,1809,Frederiksberg C ,11,11,13,33,17,11,8,10,19,14,20,15,13,4,9,7,6,1,0,0,0,222
365,1810,Frederiksberg C ,27,19,12,22,35,49,77,48,40,33,45,45,53,39,63,65,52,19,5,3,0,751
366,1811,Frederiksberg C ,3,3,1,5,2,1,5,3,2,3,6,6,2,4,5,5,0,0,0,0,0,56
367,1812,Frederiksberg C ,31,18,19,28,21,45,31,27,25,35,24,36,34,28,26,31,20,9,0,0,0,488
368,1813,Frederiksberg C ,43,29,15,33,73,60,52,46,32,38,35,36,27,26,23,22,7,4,2,0,0,603
369,1814,Frederiksberg C ,22,27,24,13,28,24,42,21,36,31,24,23,14,17,29,19,7,9,3,1,0,414
370,1815,Frederiksberg C ,19,15,9,6,13,22,18,14,11,19,17,23,13,10,9,9,6,3,0,0,0,236
371,1816,Frederiksberg C ,16,8,12,6,12,2,13,14,11,13,8,16,8,3,6,2,7,0,0,0,0,157
372,1817,Frederiksberg C ,28,25,20,16,43,43,43,29,36,35,22,29,14,18,16,28,11,3,2,0,0,461
373,1818,Frederiksberg C ,10,3,0,4,6,20,26,8,6,10,4,5,7,10,4,2,1,3,0,0,0,129
374,1819,Frederiksberg C ,12,8,4,9,18,13,21,5,16,12,13,10,4,7,8,1,0,0,0,0,0,161
375,1820,Frederiksberg C ,56,48,80,62,71,73,83,54,76,99,103,110,85,61,81,96,66,33,11,1,0,1349
376,1822,Frederiksberg C ,4,1,1,1,13,19,7,4,4,5,2,5,2,1,3,6,1,2,1,0,0,82
377,1823,Frederiksberg C ,6,4,1,2,11,13,9,3,3,4,5,3,3,5,2,2,2,0,0,0,0,78
378,1824,Frederiksberg C ,20,16,24,16,24,28,25,12,27,25,24,25,21,13,12,10,13,3,1,0,0,339
379,1825,Frederiksberg C ,10,3,7,10,6,8,5,6,6,13,13,5,7,5,9,4,1,0,0,0,0,118
380,1826,Frederiksberg C ,12,8,11,12,8,3,18,8,16,18,12,10,9,4,9,5,2,2,4,0,0,171
381,1827,Frederiksberg C ,16,17,26,28,36,26,16,17,24,36,27,25,7,17,12,13,5,0,0,0,0,348
382,1828,Frederiksberg C ,25,20,18,13,16,13,22,12,22,20,25,18,14,14,7,14,7,5,2,0,0,287
383,1829,Frederiksberg C ,20,19,20,18,16,15,21,24,15,33,24,30,13,12,13,11,6,4,0,0,0,314
384,1850,Frederiksberg C ,91,97,99,93,140,163,130,106,118,156,142,144,82,77,66,64,34,25,3,1,1,1832
385,1851,Frederiksberg C ,14,25,24,24,28,15,19,15,17,38,34,37,22,20,21,31,19,9,1,0,0,413
386,1852,Frederiksberg C ,13,19,18,18,8,12,2,15,18,25,19,20,7,3,4,3,2,1,0,0,0,207
387,1853,Frederiksberg C ,18,15,15,8,29,45,30,17,19,19,12,19,10,12,18,42,19,9,7,1,0,364
388,1854,Frederiksberg C ,19,12,11,13,7,14,22,17,18,19,13,20,21,11,21,11,7,13,3,2,0,274
389,1855,Frederiksberg C ,31,29,19,19,21,27,29,33,29,29,22,34,27,20,18,11,9,1,0,0,0,408
390,1856,Frederiksberg C ,5,9,9,6,3,6,11,2,10,13,9,7,6,11,2,7,9,1,0,0,0,126
391,1857,Frederiksberg C ,1,2,1,2,7,8,5,0,0,2,3,3,4,6,2,8,0,1,0,0,0,55
392,1860,Frederiksberg C ,14,14,16,14,7,11,19,11,18,18,17,16,10,13,13,8,4,0,3,0,0,226
393,1861,Frederiksberg C ,7,15,12,7,10,11,18,6,21,14,6,16,13,11,6,6,2,3,1,1,0,186
394,1862,Frederiksberg C ,5,13,6,12,7,8,3,5,10,15,14,7,7,11,4,12,1,0,0,0,0,140
395,1863,Frederiksberg C ,0,5,11,9,3,3,1,0,7,7,16,11,4,5,4,8,2,0,0,0,0,96
396,1864,Frederiksberg C ,43,25,35,27,38,60,49,50,37,53,32,26,23,17,27,27,8,4,3,0,0,584
397,1865,Frederiksberg C ,7,3,1,0,13,12,11,6,5,2,4,2,6,1,3,2,1,0,0,0,0,79
398,1866,Frederiksberg C ,15,12,10,11,10,7,13,15,15,21,14,12,6,0,3,16,8,1,0,0,0,189
399,1867,Frederiksberg C ,3,2,2,1,0,2,2,3,2,4,0,0,0,3,1,0,0,0,0,0,0,25
400,1868,Frederiksberg C ,14,9,14,16,14,22,23,15,22,19,21,16,9,12,9,10,8,5,2,0,0,260
401,1870,Frederiksberg C ,39,27,36,42,74,62,43,48,39,40,46,50,28,19,24,21,14,3,0,0,0,655
402,1871,Frederiksberg C ,33,37,45,52,47,32,35,31,55,48,51,46,22,19,14,16,17,5,2,0,0,607
403,1872,Frederiksberg C ,6,3,1,2,4,5,10,1,8,1,5,5,2,4,7,9,5,2,0,0,0,80
404,1873,Frederiksberg C ,4,7,4,0,1,1,0,2,8,3,1,2,2,0,2,1,0,0,0,0,0,38
405,1874,Frederiksberg C ,34,21,18,12,41,58,46,29,26,36,24,23,17,15,18,15,13,6,2,1,0,455
406,1875,Frederiksberg C ,8,14,12,13,9,12,7,9,15,12,21,18,12,11,16,22,6,6,0,0,0,223
407,1876,Frederiksberg C ,9,8,10,15,3,0,5,6,6,10,8,8,3,4,7,7,3,0,0,0,0,112
408,1877,Frederiksberg C ,4,5,5,9,2,0,1,3,7,4,7,1,5,1,2,5,0,1,0,0,0,62
409,1878,Frederiksberg C ,2,8,6,7,1,3,1,3,7,9,5,8,5,9,5,5,3,2,0,0,0,89
410,1879,Frederiksberg C ,91,78,78,64,125,178,142,103,124,107,93,87,48,51,47,52,28,13,3,0,0,1512
411,1900,Frederiksberg C ,39,37,40,37,58,60,62,51,47,57,72,91,76,87,60,72,23,9,6,0,0,984
412,1901,Frederiksberg C ,2,1,0,0,0,0,1,1,2,3,1,3,3,7,4,4,1,0,0,0,0,33
413,1902,Frederiksberg C ,44,38,47,40,67,110,94,46,49,64,61,40,30,24,20,17,8,2,1,0,0,802
414,1903,Frederiksberg C ,13,24,17,21,27,19,22,18,18,24,28,33,12,11,9,17,8,3,2,0,0,326
415,1904,Frederiksberg C ,51,48,48,51,48,71,70,41,63,65,54,46,42,34,15,16,10,8,3,0,0,784
416,1905,Frederiksberg C ,13,11,16,20,36,19,3,10,11,23,24,25,25,8,6,8,8,2,1,0,0,269
417,1906,Frederiksberg C ,3,10,9,6,6,6,6,1,10,16,9,14,7,10,11,7,5,3,0,0,0,139
418,1908,Frederiksberg C ,24,17,22,18,16,12,12,23,23,30,17,10,10,6,16,17,10,1,0,1,0,285
419,1909,Frederiksberg C ,29,24,33,30,37,37,39,51,43,55,50,62,58,67,68,62,34,17,9,0,1,806
420,1910,Frederiksberg C ,14,5,7,7,16,24,29,17,12,15,15,6,6,9,6,10,6,3,0,1,1,209
421,1911,Frederiksberg C ,22,16,28,27,21,24,27,27,24,34,34,26,23,22,12,11,1,4,1,0,0,384
422,1912,Frederiksberg C ,18,17,13,12,57,46,13,16,12,17,8,13,10,2,4,5,3,1,0,0,0,267
423,1913,Frederiksberg C ,21,17,16,18,6,8,10,19,18,20,14,15,4,8,3,12,2,3,1,0,0,215
424,1914,Frederiksberg C ,6,2,6,12,3,7,10,10,9,5,10,11,13,5,6,9,3,7,1,0,0,135
425,1915,Frederiksberg C ,9,17,23,27,28,19,17,24,16,31,24,27,19,17,8,23,14,2,2,0,0,347
426,1916,Frederiksberg C ,11,7,4,7,8,11,17,8,10,7,8,12,6,17,16,18,7,3,1,1,0,179
427,1917,Frederiksberg C ,6,5,9,6,6,4,3,6,4,6,13,14,5,9,9,12,5,3,0,1,0,126
428,1920,Frederiksberg C ,39,34,32,27,23,24,32,32,43,33,35,46,24,21,23,32,15,4,0,1,0,520
429,1921,Frederiksberg C ,6,3,7,3,2,5,4,4,4,6,8,5,0,4,2,2,5,0,0,1,0,71
430,1922,Frederiksberg C ,6,7,4,6,2,2,2,4,7,9,3,9,12,7,5,6,3,1,0,0,0,95
431,1923,Frederiksberg C ,15,13,11,12,17,24,17,8,15,13,14,19,7,3,5,8,7,2,0,0,0,210
432,1924,Frederiksberg C ,8,6,6,14,25,12,15,8,8,10,13,14,8,5,5,8,5,1,0,0,0,171
433,1925,Frederiksberg C ,0,1,2,3,3,3,1,2,0,3,3,6,3,1,5,2,1,0,0,0,0,39
434,1926,Frederiksberg C ,2,0,1,4,2,9,3,3,4,1,1,4,1,0,0,1,1,0,0,0,0,37
435,1927,Frederiksberg C ,5,3,5,3,2,7,2,1,5,1,6,6,6,1,4,5,1,0,0,0,0,63
436,1928,Frederiksberg C ,0,0,2,2,0,0,0,0,0,1,1,2,0,0,4,1,1,1,0,0,0,15
437,1950,Frederiksberg C ,29,27,14,21,49,81,51,30,28,34,23,18,16,12,7,8,5,4,1,0,0,458
438,1951,Frederiksberg C ,11,14,14,7,10,12,14,10,12,15,10,12,3,6,5,0,3,3,0,0,0,161
439,1952,Frederiksberg C ,12,11,5,0,26,45,61,59,22,12,13,15,8,5,5,5,4,1,1,0,0,310
440,1953,Frederiksberg C ,19,15,18,15,28,45,49,43,20,19,20,20,6,10,20,20,17,18,7,2,1,412
441,1954,Frederiksberg C ,79,58,51,24,84,155,118,93,78,63,35,44,44,43,44,51,44,20,5,0,1,1134
442,1955,Frederiksberg C ,32,21,20,8,22,36,30,20,21,32,12,25,12,17,12,16,7,4,3,1,0,351
443,1956,Frederiksberg C ,27,23,34,20,15,14,22,20,22,37,24,29,23,16,15,8,11,1,0,0,0,361
444,1957,Frederiksberg C ,24,22,33,22,34,21,24,19,34,34,26,25,23,9,18,14,6,4,3,1,0,396
445,1958,Frederiksberg C ,13,12,7,12,43,29,24,24,13,21,14,22,13,5,11,14,5,5,2,0,0,289
446,1959,Frederiksberg C ,6,5,6,12,4,3,7,1,8,8,7,5,1,1,2,3,4,0,0,0,0,83
447,1960,Frederiksberg C ,19,7,14,12,36,53,43,40,23,21,20,15,7,8,7,8,1,0,0,0,0,334
448,1961,Frederiksberg C ,21,12,10,13,56,73,39,32,16,23,20,11,16,10,8,10,8,6,3,0,0,387
449,1962,Frederiksberg C ,21,14,4,1,7,15,27,26,17,7,6,7,7,6,10,6,3,6,1,0,0,191
450,1963,Frederiksberg C ,4,4,3,6,22,18,16,9,9,8,11,17,5,8,5,4,2,0,0,0,0,151
451,1964,Frederiksberg C ,26,17,17,18,29,52,48,28,28,38,17,27,13,19,14,15,12,5,0,0,0,423
452,1965,Frederiksberg C ,11,5,3,8,1,4,12,7,5,4,4,1,2,1,4,2,1,0,0,0,0,75
453,1966,Frederiksberg C ,20,10,4,8,17,39,50,18,16,13,13,13,9,6,6,7,3,1,0,0,0,253
454,1967,Frederiksberg C ,15,13,11,7,16,17,14,11,18,13,20,19,17,8,8,4,4,3,0,0,0,218
455,1970,Frederiksberg C ,36,28,33,25,43,54,51,35,34,28,37,38,30,14,13,14,11,2,1,0,0,527
456,1971,Frederiksberg C ,9,10,10,6,3,12,7,8,8,17,9,12,5,9,8,4,4,1,0,0,0,142
457,1972,Frederiksberg C ,25,15,19,12,26,43,54,28,22,22,23,13,17,16,17,11,8,5,1,1,0,378
458,1973,Frederiksberg C ,19,10,5,11,47,63,47,28,15,8,18,11,5,5,8,6,2,0,0,0,0,308
459,1974,Frederiksberg C ,1,1,1,2,1,0,2,1,1,1,6,1,3,0,0,1,0,1,0,0,0,23
460,2000,Frederiksberg ,3805,2759,2989,2952,6745,8231,6438,4553,3939,4206,3980,4290,3371,2951,2940,3180,1806,1066,458,165,31,70855
461,2100,København Ø ,4809,3754,3959,4138,8626,11961,9386,6132,5101,5581,5565,5700,4225,3479,3167,2858,1549,682,273,85,19,91049
462,2150,Nordhavn ,291,184,144,136,417,346,376,308,256,199,206,228,124,75,34,27,8,3,1,0,0,3363
463,2200,København N ,4743,2933,2738,2644,8456,13383,10795,6583,4509,3986,3579,3353,2489,2000,1527,1238,648,300,158,46,5,76113
464,2300,København S ,8939,6996,6641,5777,16367,20881,16625,11749,10328,9427,7803,7272,5608,4464,3811,3213,1656,772,308,105,14,148756
465,2400,København NV ,3135,2256,1966,1839,5233,8363,7147,4538,3265,2834,2566,2604,2187,1664,1404,1171,658,310,155,47,9,53351
466,2450,København SV ,2221,1342,1127,1039,4058,6155,5223,3235,2312,2045,1818,1701,1362,1015,785,543,281,119,51,15,1,36448
467,2500,Valby ,4144,3268,3070,2831,7310,9147,7183,4971,4242,3983,3283,3180,2437,2009,1600,1384,774,434,216,62,14,65542
468,2600,Glostrup ,1556,1429,1381,1427,1442,1727,1959,1758,1632,1717,1743,1863,1421,1203,1109,1168,692,442,167,54,2,25892
469,2605,Brøndby ,1378,1227,1138,1133,1453,1779,1804,1496,1429,1379,1384,1504,1401,1202,985,997,663,428,198,48,5,23031
470,2610,Rødovre ,2616,2597,2609,2416,2322,2730,3160,2996,2984,2895,2626,2835,2592,2086,1781,1628,1109,707,281,82,4,43056
471,2620,Albertslund ,1278,1466,1616,1643,1888,1712,1605,1415,1563,1711,1601,1722,1336,1081,1159,1214,728,333,96,20,1,25188
472,2625,Vallensbæk ,387,435,464,438,285,247,351,408,454,443,433,395,312,284,305,445,247,93,17,6,2,6451
473,2630,Taastrup ,2229,2187,2278,2266,2159,2763,2923,2788,2667,2661,2489,2507,1952,1645,1590,1722,1103,495,180,46,3,38653
474,2635,Ishøj ,1344,1417,1456,1378,1558,1585,1697,1666,1601,1523,1519,1554,1265,1004,990,987,536,226,67,8,2,23383
475,2640,Hedehusene ,1124,976,958,954,1000,1254,1374,1107,1094,1097,1069,1073,864,757,647,664,324,135,58,15,1,16545
476,2650,Hvidovre ,3093,3428,3340,3183,3002,3025,3472,3618,3829,3726,3334,3532,2906,2605,2234,2064,1371,709,306,92,10,52879
477,2660,Brøndby Strand ,827,869,937,978,781,754,908,939,937,953,926,959,833,759,641,545,286,142,46,13,0,14033
478,2665,Vallensbæk Strand ,748,726,716,560,557,636,858,803,804,727,594,617,433,438,429,490,256,125,48,15,0,10580
479,2670,Greve ,2070,2247,2322,2354,1590,1631,2116,2145,2241,2516,2716,2846,2072,1753,1829,2074,1199,535,153,24,3,36436
480,2680,Solrød Strand ,1205,1238,1263,1296,744,729,1054,1190,1180,1428,1367,1387,1001,877,979,1097,600,226,82,27,2,18972
481,2690,Karlslunde ,515,587,528,620,334,280,504,589,621,686,720,757,592,512,513,649,354,171,48,10,0,9590
482,2700,Brønshøj ,2908,2934,2835,2676,3217,3625,3637,3366,3042,3064,2747,2762,2269,1898,1601,1337,728,394,237,75,18,45370
483,2720,Vanløse ,1711,1485,1709,1655,2714,4028,3170,2294,2091,2226,2000,1917,1530,1408,1145,987,524,270,110,37,6,33017
484,2730,Herlev ,1577,1839,1918,1775,1637,1602,1827,1892,1955,1999,1823,2012,1763,1572,1355,1144,807,511,205,67,8,29288
485,2740,Skovlunde ,859,766,756,703,538,702,845,848,802,889,796,912,747,627,572,598,541,346,127,22,1,12997
486,2750,Ballerup ,1695,1749,1803,1890,1946,1902,2012,1891,1831,1972,2105,2351,1825,1411,1266,1497,1098,627,148,24,8,31051
487,2760,Måløv ,301,317,397,388,186,209,264,335,338,453,428,429,360,291,301,295,186,99,31,4,1,5613
488,2765,Smørum ,898,788,808,895,421,450,784,784,813,940,955,1010,664,524,537,593,337,135,35,5,1,12377
489,2770,Kastrup ,2222,2520,2659,2448,1773,1732,2334,2634,2859,3059,2691,2870,2534,2198,1840,1805,1068,577,243,76,7,40149
490,2791,Dragør ,1012,1172,1227,1092,497,381,736,998,1212,1338,1252,1355,1089,1011,1003,1015,621,320,135,29,2,17497
491,2800,Kgs. Lyngby ,2059,2209,2395,2549,4366,3660,2557,2395,2512,2744,2679,2904,2327,2124,1893,1861,1105,707,334,124,14,43518
492,2820,Gentofte ,1241,1355,1643,1609,1189,1173,1281,1382,1527,1737,1652,1720,1327,1163,1141,991,628,360,202,58,7,23386
493,2830,Virum ,1251,1559,1713,1642,902,676,883,1212,1517,1676,1534,1572,1377,1217,1043,1001,560,330,201,73,15,21954
494,2840,Holte ,873,954,1096,1209,478,320,521,779,891,1094,1164,1199,953,827,776,949,594,356,157,48,6,15244
495,2850,Nærum ,349,395,418,438,703,468,425,389,409,446,474,554,427,463,347,439,379,226,137,48,2,7936
496,2860,Søborg ,2655,2556,2676,2503,2539,3200,3323,3012,2941,2922,2646,2850,2405,2014,1775,1561,910,594,267,87,9,43445
497,2870,Dyssegård ,347,394,446,381,300,362,385,419,439,468,413,429,364,307,248,242,138,81,27,4,4,6198
498,2880,Bagsværd ,1086,1169,1286,1251,810,831,1104,1196,1304,1369,1241,1273,1032,894,759,744,454,261,130,42,8,18244
499,2900,Hellerup ,1080,1383,1716,1922,1111,1027,1053,1119,1444,1850,2039,2143,1590,1268,1263,1426,821,410,171,50,9,24895
500,2920,Charlottenlund ,1009,1161,1449,1426,840,836,964,1009,1224,1455,1666,1739,1387,1233,1129,1346,816,463,218,86,7,21463
501,2930,Klampenborg ,238,254,333,354,142,94,166,194,241,300,372,413,323,248,260,269,122,64,22,8,0,4417
502,2942,Skodsborg ,54,52,80,110,48,37,33,43,58,96,113,184,144,125,158,194,120,63,30,6,2,1750
503,2950,Vedbæk ,546,590,631,649,322,220,314,471,514,649,668,703,529,455,454,481,316,166,65,23,2,8768
504,2960,Rungsted Kyst ,264,361,449,507,176,89,141,228,308,458,550,482,389,335,322,388,234,106,37,8,1,5833
505,2970,Hørsholm ,962,1033,1215,1354,644,619,824,972,1099,1347,1486,1561,1305,1187,1256,1491,969,562,227,54,8,20175
506,2980,Kokkedal ,641,672,769,746,445,443,663,683,679,757,785,746,669,606,688,593,306,125,40,6,1,11063
507,2990,Nivå ,544,545,518,478,319,308,496,573,535,575,579,660,626,551,541,558,290,137,47,13,1,8894
508,3000,Helsingør ,1482,1455,1537,1791,1584,1837,1806,1645,1608,1957,2183,2527,2132,2030,1728,1803,1117,572,237,80,7,31118
509,3050,Humlebæk ,509,596,615,647,371,350,466,526,598,643,675,767,658,611,627,596,322,165,69,26,8,9845
510,3060,Espergærde ,691,723,746,938,414,271,499,637,679,842,943,940,691,638,620,745,518,250,93,26,1,11905
511,3070,Snekkersten ,184,244,334,393,181,110,196,203,222,358,440,573,463,391,402,423,243,103,39,7,0,5509
512,3080,Tikøb ,74,78,73,77,42,49,67,91,78,87,109,127,129,98,105,101,53,19,4,2,0,1463
513,3100,Hornbæk ,251,247,282,343,178,124,182,253,244,349,440,557,449,432,423,477,218,100,36,13,2,5600
514,3120,Dronningmølle ,48,26,34,74,41,41,44,49,44,78,99,155,144,148,153,150,84,35,10,1,0,1458
515,3140,Ålsgårde ,253,280,363,334,157,121,260,242,267,341,444,438,381,305,334,377,248,88,50,7,2,5292
516,3150,Hellebæk ,27,25,36,43,30,22,21,18,27,47,59,80,70,77,86,74,32,14,4,2,0,794
517,3200,Helsinge ,738,824,977,1136,603,615,797,794,915,1081,1312,1284,1088,873,879,982,579,271,70,21,3,15842
518,3210,Vejby ,90,98,140,195,115,92,90,94,110,223,239,297,270,244,286,272,138,65,18,6,2,3084
519,3220,Tisvildeleje ,46,52,79,104,43,37,52,36,68,94,112,164,148,130,155,177,89,27,15,0,0,1628
520,3230,Græsted ,448,496,568,595,388,396,513,538,537,699,738,854,739,675,560,495,262,131,54,16,4,9706
521,3250,Gilleleje ,311,340,421,464,285,280,340,336,367,526,634,864,866,905,868,905,498,238,95,28,4,9575
522,3300,Frederiksværk ,759,805,861,919,702,767,894,889,910,1085,1164,1216,1138,1082,1000,1023,547,258,88,27,1,16135
523,3310,Ølsted ,145,122,161,191,118,150,133,147,162,205,245,289,237,243,242,255,136,69,18,5,0,3273
524,3320,Skævinge ,343,340,368,406,213,264,390,351,375,444,466,428,319,223,209,196,107,50,19,7,0,5518
525,3330,Gørløse ,105,87,108,134,59,74,107,110,101,121,121,117,107,70,55,60,22,12,6,0,0,1576
526,3360,Liseleje ,39,45,73,80,46,39,53,39,65,83,118,145,118,108,120,113,62,21,8,0,0,1375
527,3370,Melby ,50,46,55,75,42,48,55,52,64,94,89,131,136,149,160,146,75,43,17,2,2,1531
528,3390,Hundested ,338,410,474,530,318,275,399,388,495,603,652,876,810,790,760,738,396,180,57,23,3,9515
529,3400,Hillerød ,2375,2390,2508,2882,2570,2516,2647,2398,2483,2930,3056,3310,2687,2123,1969,2050,1328,702,248,62,10,43244
530,3450,Allerød ,1274,1440,1462,1516,667,471,1031,1325,1241,1542,1502,1543,1241,1008,1067,1177,742,387,131,30,4,20801
531,3460,Birkerød ,1280,1344,1458,1615,780,688,1021,1347,1298,1569,1617,1731,1438,1163,1079,1087,780,469,232,44,9,22049
532,3480,Fredensborg ,643,716,812,911,506,425,521,654,727,904,1085,1202,906,822,821,894,495,230,87,19,4,13384
533,3490,Kvistgård ,94,100,115,133,65,54,83,98,98,129,145,169,107,87,75,67,39,13,5,2,0,1678
534,3500,Værløse ,1362,1533,1573,1496,639,493,940,1309,1446,1539,1529,1625,1248,1107,1087,1085,753,497,181,36,2,21480
535,3520,Farum ,1179,1325,1349,1339,814,726,1093,1276,1396,1481,1387,1552,1258,1092,1009,1147,698,375,146,46,5,20693
536,3540,Lynge ,274,293,356,383,207,158,271,253,325,344,441,478,341,278,214,260,168,75,34,11,1,5165
537,3550,Slangerup ,474,520,606,722,412,388,542,446,569,706,882,877,675,496,439,541,326,123,51,9,0,9804
538,3600,Frederikssund ,1083,1120,1237,1456,966,944,1171,1137,1147,1523,1620,1799,1403,1154,1194,1285,889,418,130,31,3,21710
539,3630,Jægerspris ,368,402,458,531,350,332,440,389,455,609,658,846,821,851,701,676,388,160,49,6,1,9491
540,3650,Ølstykke ,1086,1038,1116,1207,776,736,1145,998,1084,1343,1340,1318,998,752,783,905,522,230,63,12,0,17452
541,3660,Stenløse ,764,770,838,847,386,389,727,736,772,892,984,906,630,506,579,670,458,207,61,10,0,12132
542,3670,Veksø Sjælland ,137,181,172,214,116,96,151,166,175,232,270,294,231,157,99,104,47,24,5,1,0,2872
543,3700,Rønne ,786,779,846,1003,644,811,902,835,930,1058,1159,1356,1332,1339,1246,1179,704,391,139,35,2,17476
544,3720,Aakirkeby ,224,197,223,232,180,244,249,214,257,268,330,443,428,351,349,298,200,99,45,24,2,4857
545,3730,Nexø ,226,254,308,313,163,194,246,248,277,353,353,503,486,471,448,421,269,136,49,19,2,5739
546,3740,Svaneke ,49,108,119,86,33,29,50,58,93,121,131,149,158,193,224,197,112,50,9,3,1,1973
547,3751,Østermarie ,54,68,85,64,44,56,75,78,78,85,100,127,118,95,92,64,43,9,8,4,0,1347
548,3760,Gudhjem ,81,100,105,90,37,67,82,71,102,138,130,204,211,191,191,146,87,49,27,7,1,2117
549,3770,Allinge ,86,96,112,100,52,69,120,100,115,134,177,244,244,296,268,277,128,71,25,4,0,2718
550,3782,Klemensker ,44,58,50,55,48,46,42,56,62,79,77,103,82,88,82,68,20,17,12,0,0,1089
551,3790,Hasle ,77,119,112,100,77,75,114,110,100,125,168,211,208,218,196,188,105,45,19,7,1,2375
552,4000,Roskilde ,3559,3979,4415,4979,4841,4324,4022,3980,4274,5087,5264,5554,4272,3846,3623,3626,2164,1203,412,120,14,73558
553,4030,Tune ,316,360,384,350,198,162,301,346,339,385,470,486,307,292,335,328,176,74,22,4,0,5635
554,4040,Jyllinge ,595,561,679,829,395,340,529,542,565,835,1007,1026,690,531,474,553,356,170,43,4,1,10725
555,4050,Skibby ,258,320,385,420,243,256,343,363,366,451,493,643,575,568,544,496,259,123,38,8,3,7155
556,4060,Kirke Såby ,231,194,210,243,169,170,223,238,233,284,329,342,293,246,209,217,105,41,11,1,1,3990
557,4070,Kirke Hyllinge ,381,436,459,495,274,271,368,416,461,575,629,691,595,535,532,532,262,134,59,21,6,8132
558,4100,Ringsted ,1772,1851,1964,2100,1801,2032,2219,2073,2199,2583,2719,2596,2120,1753,1603,1536,910,507,191,30,8,34567
559,4130,Viby Sjælland ,398,363,391,392,228,266,368,362,409,432,494,442,423,321,356,325,186,111,29,5,1,6302
560,4140,Borup ,347,373,439,469,292,311,377,391,391,494,511,533,403,366,319,354,215,72,24,14,2,6697
561,4160,Herlufmagle ,250,253,307,325,164,261,284,293,328,378,364,420,343,313,263,242,117,59,25,3,0,4992
562,4171,Glumsø ,146,197,225,243,141,166,163,193,219,302,263,292,257,268,209,197,124,64,14,3,0,3686
563,4173,Fjenneslev ,93,92,135,137,84,114,120,121,155,167,190,181,181,119,130,86,50,21,8,5,2,2191
564,4174,Jystrup Midtsj ,92,99,105,125,75,61,89,101,117,118,112,149,134,111,92,67,31,11,1,0,0,1690
565,4180,Sorø ,885,871,953,1107,566,572,796,871,883,1068,1148,1246,1061,920,862,876,543,268,118,32,2,15648
566,4190,Munke Bjergby ,44,51,48,64,24,40,55,64,70,67,72,100,77,48,48,33,13,10,3,1,0,932
567,4200,Slagelse ,2349,2348,2436,2786,3308,3506,3135,2513,2626,3067,2985,3364,2743,2522,2322,2211,1309,615,264,68,9,46486
568,4220,Korsør ,788,807,806,938,728,868,920,829,877,1054,1222,1454,1308,1256,1105,1171,665,344,129,28,2,17299
569,4230,Skælskør ,319,352,460,524,333,317,339,414,413,522,652,725,672,639,621,610,357,207,75,21,2,8574
570,4241,Vemmelev ,211,217,249,211,120,173,202,195,230,264,256,230,225,182,171,148,83,31,15,6,0,3419
571,4242,Boeslunde ,57,51,65,78,46,46,53,63,81,80,102,104,94,74,60,61,42,24,9,4,0,1194
572,4243,Rude ,29,35,54,55,27,40,32,35,52,66,79,109,95,120,95,99,40,24,12,1,0,1099
573,4244,Agersø ,4,7,12,7,6,5,5,5,9,9,19,20,10,25,23,19,9,6,2,0,0,202
574,4245,Omø ,3,2,7,3,6,1,5,6,3,10,12,10,19,13,25,20,11,2,1,0,0,159
575,4250,Fuglebjerg ,199,225,231,223,164,190,218,236,222,251,264,320,293,294,263,203,139,87,42,8,1,4073
576,4261,Dalmose ,111,106,130,143,68,117,108,100,138,198,185,150,147,120,106,69,47,18,4,2,0,2067
577,4262,Sandved ,86,108,117,134,96,106,118,109,112,170,141,212,198,126,97,70,42,8,4,1,0,2055
578,4270,Høng ,323,356,322,443,308,344,384,348,309,438,489,539,431,407,384,347,194,99,52,7,1,6525
579,4281,Gørlev ,192,224,235,262,226,237,222,219,262,323,357,408,378,421,338,330,208,107,48,9,4,5010
580,4291,Ruds Vedby ,144,132,149,154,141,162,176,161,180,182,243,262,223,185,148,113,70,27,7,3,1,2863
581,4293,Dianalund ,266,315,366,342,224,256,281,337,370,413,407,411,447,396,314,312,172,97,43,14,0,5783
582,4295,Stenlille ,137,166,180,204,143,200,193,202,211,252,245,315,268,257,185,145,104,43,20,3,0,3473
583,4296,Nyrup ,39,33,40,45,39,34,52,36,58,43,54,86,56,40,27,13,16,7,5,2,0,725
584,4300,Holbæk ,1899,1812,2069,2413,1889,1939,2184,1956,1919,2357,2564,2756,2363,2202,2217,2011,1160,555,214,65,6,36550
585,4305,Orø ,40,48,38,29,12,14,38,56,39,44,64,105,116,113,86,99,38,21,3,0,0,1003
586,4320,Lejre ,451,475,459,460,179,161,356,431,461,483,433,435,349,305,323,322,173,81,39,11,1,6388
587,4330,Hvalsø ,360,459,437,484,254,200,322,395,408,512,447,506,450,412,397,362,218,98,30,9,0,6760
588,4340,Tølløse ,340,344,443,480,324,293,381,387,363,518,512,547,474,368,350,333,204,108,52,10,0,6831
589,4350,Ugerløse ,63,78,100,111,65,77,82,90,111,145,118,159,106,90,101,47,42,8,8,0,0,1601
590,4360,Kirke Eskilstrup ,59,64,70,76,52,54,66,62,82,96,103,126,93,79,65,55,22,10,4,1,1,1240
591,4370,Store Merløse ,101,106,114,138,93,107,141,126,123,145,150,223,152,120,83,89,62,21,9,1,1,2105
592,4390,Vipperød ,230,230,239,213,110,156,240,192,204,273,258,312,234,215,186,165,80,27,9,2,0,3575
593,4400,Kalundborg ,975,1073,1351,1516,1094,1084,1145,1184,1281,1521,1633,1822,1613,1558,1380,1413,802,422,152,41,4,23064
594,4420,Regstrup ,177,228,243,269,145,134,186,231,222,271,283,279,247,207,189,161,76,32,10,3,0,3593
595,4440,Mørkøv ,213,257,294,283,210,231,269,302,300,362,348,359,325,290,229,188,76,36,18,5,0,4595
596,4450,Jyderup ,279,363,408,373,241,277,359,344,352,381,475,485,439,400,370,363,222,135,45,12,5,6328
597,4460,Snertinge ,66,75,81,77,58,67,71,70,91,100,102,135,124,71,75,43,38,12,6,0,0,1362
598,4470,Svebølle ,146,177,182,190,135,133,163,170,186,248,242,245,219,201,225,182,107,53,20,4,0,3228
599,4480,Store Fuglede ,33,38,32,64,54,36,41,50,37,75,80,117,92,114,100,73,30,10,6,1,0,1083
600,4490,Jerslev Sjælland ,125,117,179,179,115,140,120,147,173,177,207,210,177,151,147,134,77,43,30,7,0,2655
601,4500,Nykøbing Sj ,269,314,416,439,328,268,339,350,419,500,620,783,794,891,939,886,469,231,82,14,0,9351
602,4520,Svinninge ,208,229,254,283,228,274,281,240,258,309,350,353,276,260,247,234,127,74,29,10,2,4526
603,4532,Gislinge ,110,125,171,132,82,93,129,149,147,163,120,165,152,133,125,104,33,15,3,2,0,2153
604,4534,Hørve ,174,167,203,224,175,184,217,187,187,254,253,280,246,190,213,156,89,53,23,7,0,3482
605,4540,Fårevejle ,163,179,222,231,157,171,194,162,214,222,288,311,271,268,254,271,117,58,20,3,0,3776
606,4550,Asnæs ,148,192,186,212,179,144,176,189,194,216,274,306,292,324,350,346,257,127,42,13,0,4167
607,4560,Vig ,127,151,194,174,135,171,177,166,182,216,235,322,298,296,274,263,167,74,27,8,1,3658
608,4571,Grevinge ,65,94,89,111,92,105,99,119,104,164,185,236,254,216,202,152,85,33,14,1,4,2424
609,4572,Nørre Asmindrup ,31,54,60,68,58,57,63,58,62,87,92,96,91,64,60,51,25,7,1,1,0,1086
610,4573,Højby ,87,77,102,113,94,108,108,96,100,148,158,228,223,214,225,226,97,54,24,11,0,2493
611,4581,Rørvig ,18,51,74,44,14,14,24,44,45,81,81,87,102,148,171,184,87,30,16,2,0,1317
612,4583,Sjællands Odde ,16,32,33,45,28,31,40,29,43,54,78,113,118,144,163,139,61,34,8,3,0,1212
613,4591,Føllenslev ,53,63,79,75,55,74,78,55,73,90,126,163,150,129,156,174,76,20,7,0,0,1696
614,4592,Sejerø ,8,15,8,8,2,5,10,12,13,16,16,22,29,39,37,47,24,12,4,1,0,328
615,4593,Eskebjerg ,30,37,54,61,29,43,63,60,66,71,91,135,118,130,111,91,45,22,9,2,1,1269
616,4600,Køge ,2212,2105,2145,2600,2083,2242,2407,2282,2267,2728,3202,3202,2348,2014,1988,2417,1370,654,251,44,7,40568
617,4621,Gadstrup ,201,212,238,249,118,124,217,224,210,227,271,300,237,167,140,198,74,25,6,3,0,3441
618,4622,Havdrup ,338,325,306,338,179,247,303,322,342,353,388,400,331,263,239,205,135,67,22,10,0,5113
619,4623,Lille Skensved ,336,324,330,363,187,242,328,312,326,414,437,473,322,286,276,314,148,73,19,5,0,5515
620,4632,Bjæverskov ,306,339,332,354,219,237,363,327,304,414,458,423,279,244,258,325,135,48,23,9,3,5400
621,4640,Faxe ,284,306,299,368,271,345,406,368,351,459,523,559,522,502,407,336,220,102,50,20,3,6701
622,4652,Hårlev ,267,275,302,321,214,240,322,252,305,369,411,468,402,347,337,292,175,88,36,5,2,5430
623,4653,Karise ,147,197,168,195,144,158,202,198,182,254,247,345,293,282,248,204,121,75,24,5,0,3689
624,4654,Faxe Ladeplads ,99,117,151,156,87,86,132,124,134,173,218,328,284,282,281,257,138,62,22,9,2,3142
625,4660,Store Heddinge ,297,307,374,366,286,275,382,340,388,412,456,532,542,435,397,380,201,108,48,8,2,6536
626,4671,Strøby ,62,78,111,120,75,54,66,96,109,149,164,223,176,194,186,155,101,30,13,2,0,2164
627,4672,Klippinge ,52,62,81,97,58,62,66,73,88,105,125,147,114,107,61,63,37,10,8,3,0,1419
628,4673,Rødvig Stevns ,96,120,122,112,73,76,111,125,120,144,163,233,253,227,252,285,134,80,19,3,2,2750
629,4681,Herfølge ,310,375,400,439,308,333,428,363,384,437,472,490,414,365,332,280,152,68,37,9,3,6399
630,4682,Tureby ,114,123,120,122,84,104,153,130,119,160,168,193,178,98,88,90,48,19,9,1,0,2121
631,4683,Rønnede ,200,152,196,235,165,190,249,198,197,252,262,296,260,211,225,237,106,50,22,2,0,3705
632,4684,Holmegaard ,438,498,520,556,313,373,453,466,523,646,587,640,583,505,479,429,284,121,36,5,1,8456
633,4690,Haslev ,956,1033,1190,1371,813,951,1189,1124,1218,1386,1470,1558,1248,1109,1082,956,602,299,106,24,2,19687
634,4700,Næstved ,2584,2689,3015,3377,3390,3393,3383,3018,3046,3569,3891,3995,3339,3161,2962,2833,1750,893,316,103,14,54721
635,4720,Præstø ,227,289,346,394,266,234,283,331,317,448,486,643,598,615,580,601,325,149,48,14,3,7197
636,4733,Tappernøje ,178,199,208,245,157,154,202,188,216,270,308,350,272,237,188,149,75,34,11,1,0,3642
637,4735,Mern ,111,87,115,146,66,85,99,98,91,140,146,222,150,133,124,88,54,31,15,3,2,2006
638,4736,Karrebæksminde ,50,54,76,94,51,20,41,55,68,110,147,207,216,330,363,295,149,68,15,4,1,2414
639,4750,Lundby ,115,154,205,221,145,177,191,180,204,241,282,299,266,260,187,176,88,35,8,1,0,3435
640,4760,Vordingborg ,740,819,970,1153,950,946,996,923,971,1222,1284,1428,1342,1252,1224,1136,690,331,157,38,3,18575
641,4771,Kalvehave ,57,39,39,62,41,63,64,46,51,72,115,122,154,148,129,127,59,29,9,2,0,1428
642,4772,Langebæk ,22,31,25,29,22,23,33,33,28,47,46,72,65,63,31,61,30,13,9,1,2,686
643,4773,Stensved ,80,108,109,116,79,70,97,87,122,129,129,157,124,123,117,128,70,32,14,2,0,1893
644,4780,Stege ,213,266,311,332,239,241,232,278,304,374,423,523,622,592,603,568,304,161,54,11,3,6654
645,4791,Borre ,30,28,45,40,29,28,44,48,46,72,61,109,97,108,86,95,63,26,8,4,0,1067
646,4792,Askeby ,65,95,84,84,51,47,57,73,89,90,116,129,109,106,107,89,53,37,14,6,1,1502
647,4793,Bogø By ,41,50,62,79,25,24,32,46,58,64,86,88,115,101,118,93,62,25,5,3,0,1177
648,4800,Nykøbing F ,1251,1319,1413,1561,1505,1550,1480,1378,1452,1665,1684,1900,1694,1591,1576,1615,948,516,215,56,6,26375
649,4840,Nørre Alslev ,220,266,299,310,204,236,274,307,359,363,399,488,485,382,352,349,224,116,34,7,5,5679
650,4850,Stubbekøbing ,126,124,146,157,165,166,212,148,142,201,277,318,317,353,289,278,169,101,33,12,3,3737
651,4862,Guldborg ,41,33,22,39,29,34,55,43,55,48,97,123,135,127,86,103,43,28,8,1,0,1150
652,4863,Eskilstrup ,106,122,116,134,99,105,124,131,117,146,160,227,156,141,137,132,56,34,9,2,0,2254
653,4871,Horbelev ,55,62,63,71,40,60,70,60,83,88,114,115,101,106,86,73,36,14,8,0,0,1305
654,4872,Idestrup ,73,69,88,80,50,54,85,63,87,81,106,144,144,133,121,138,72,27,17,4,1,1637
655,4873,Væggerløse ,94,88,113,118,67,67,115,105,113,151,178,284,280,377,393,410,203,79,33,6,1,3275
656,4874,Gedser ,37,37,30,44,34,46,57,43,44,65,107,104,114,134,117,99,70,26,9,1,0,1218
657,4880,Nysted ,51,70,93,100,56,66,107,87,98,123,144,185,182,180,213,230,120,58,28,3,0,2194
658,4891,Toreby L ,68,74,98,100,52,71,102,93,111,112,121,131,140,121,73,76,33,21,11,3,0,1611
659,4892,Kettinge ,66,75,71,70,51,78,77,70,96,94,89,140,116,89,76,68,35,17,4,2,0,1384
660,4894,Øster Ulslev ,28,41,43,42,26,44,53,32,38,68,60,65,57,54,52,31,32,14,3,3,0,786
661,4895,Errindlev ,17,11,12,26,18,11,17,18,23,25,43,57,63,57,52,47,21,11,3,0,0,532
662,4900,Nakskov ,613,631,788,845,623,596,783,713,786,866,1018,1202,1149,1173,1082,1061,612,360,137,36,4,15078
663,4912,Harpelunde ,17,12,24,34,21,26,20,17,24,37,54,58,42,71,45,59,26,18,3,1,0,609
664,4913,Horslunde ,66,83,81,70,51,51,81,55,58,110,130,142,159,170,158,114,70,37,9,5,0,1700
665,4920,Søllested ,81,103,114,104,100,87,86,113,137,119,132,161,192,180,173,153,79,54,18,5,0,2191
666,4930,Maribo ,262,339,406,428,292,302,336,371,371,525,500,661,619,628,591,538,343,179,78,18,1,7788
667,4941,Bandholm ,24,28,33,26,21,27,15,23,38,56,60,69,66,77,81,78,41,15,3,0,0,781
668,4942,Askø ,0,0,0,0,0,0,0,0,0,0,3,6,10,9,2,6,4,0,0,0,0,40
669,4943,Torrig L ,7,13,12,19,8,13,15,16,24,20,34,39,45,49,44,43,25,10,3,0,0,439
670,4944,Fejø ,20,19,8,14,14,11,14,16,25,25,25,43,40,46,56,42,22,8,12,1,0,461
671,4945,Femø ,2,3,0,0,2,3,2,6,2,2,8,5,7,18,14,21,10,6,0,1,0,112
672,4951,Nørreballe ,26,38,33,27,19,18,33,35,50,38,54,53,57,49,43,36,21,10,3,1,0,644
673,4952,Stokkemarke ,27,23,38,47,28,30,25,32,40,63,66,63,84,61,66,61,44,18,4,2,0,822
674,4953,Vesterborg ,8,21,29,21,21,19,13,13,11,26,25,32,44,38,41,24,16,6,0,0,0,408
675,4960,Holeby ,73,85,92,91,78,75,104,98,108,130,155,187,188,167,173,146,70,43,15,8,0,2086
676,4970,Rødby ,143,187,216,221,193,218,232,231,287,310,334,499,415,408,415,360,214,86,42,10,0,5021
677,4983,Dannemare ,33,38,51,45,25,44,50,54,72,67,72,103,109,126,114,83,62,20,14,4,1,1187
678,4990,Sakskøbing ,267,316,349,396,299,327,331,386,417,461,485,587,614,608,569,457,276,174,71,19,3,7412
679,5000,Odense C ,2213,1576,1715,2357,11193,10461,5028,2690,2318,2623,2708,2912,2375,2019,1733,1579,951,516,224,69,10,57270
680,5200,Odense V ,534,456,484,590,1477,1481,943,650,591,658,617,584,527,492,398,359,245,137,78,30,5,11336
681,5210,Odense NV ,943,1051,1139,1068,611,824,1018,1020,1076,1180,1248,1183,1022,944,993,1218,736,347,167,30,6,17824
682,5220,Odense SØ ,1148,989,963,1003,1437,1583,1396,1124,1031,1101,1187,1251,1225,1110,792,631,402,273,113,40,6,18805
683,5230,Odense M ,954,906,993,1222,2648,2085,1251,970,956,1159,1214,1231,1001,976,826,740,466,277,118,31,8,20032
684,5240,Odense NØ ,902,1000,1039,1105,1089,1072,1050,949,872,917,976,1067,901,823,683,618,345,191,81,12,2,15694
685,5250,Odense SV ,1574,1552,1581,1596,926,1130,1561,1478,1550,1639,1546,1582,1393,1306,1264,1238,772,438,135,40,4,24305
686,5260,Odense S ,1102,1138,1083,1018,1057,1230,1234,1201,1119,1177,1196,1087,995,963,921,911,556,303,107,21,2,18421
687,5270,Odense N ,1089,1055,1094,1042,710,992,1287,1087,1130,1239,1242,1390,1207,1104,1037,953,586,290,119,28,1,18682
688,5290,Marslev ,64,92,116,82,46,54,78,84,94,85,112,133,83,53,39,43,21,11,2,3,0,1295
689,5300,Kerteminde ,284,344,361,426,291,264,301,329,350,457,601,716,636,644,669,645,435,221,84,20,3,8081
690,5320,Agedrup ,235,222,231,231,147,195,254,192,225,231,236,303,221,160,191,212,108,52,17,1,0,3664
691,5330,Munkebo ,285,264,332,362,218,289,315,306,336,389,437,527,408,363,371,374,197,106,35,9,0,5923
692,5350,Rynkeby ,44,36,46,61,27,45,51,37,43,54,60,77,52,43,51,37,30,11,6,5,0,816
693,5370,Mesinge ,52,48,61,56,24,35,34,59,66,69,76,82,76,71,56,59,36,12,3,0,0,975
694,5380,Dalby ,13,37,38,31,27,12,24,26,30,29,49,55,33,34,24,20,18,9,6,2,0,517
695,5390,Martofte ,18,26,14,19,14,14,21,26,11,26,29,47,53,33,39,20,15,7,6,0,0,438
696,5400,Bogense ,219,254,324,376,245,245,318,293,324,413,476,605,510,567,508,511,316,141,56,9,3,6713
697,5450,Otterup ,482,490,617,645,438,504,534,544,616,756,881,946,793,765,663,645,410,209,75,20,1,11034
698,5462,Morud ,180,211,207,216,83,72,161,162,193,209,248,186,194,149,156,119,81,27,9,1,0,2864
699,5463,Harndrup ,64,87,102,99,45,73,81,86,76,114,143,121,107,89,61,66,44,16,4,1,0,1479
700,5464,Brenderup Fyn ,123,121,149,143,90,104,118,128,142,151,154,188,193,153,127,115,74,38,14,3,0,2328
701,5466,Asperup ,90,88,112,141,64,78,80,85,115,136,129,138,105,99,95,87,46,18,6,2,0,1714
702,5471,Søndersø ,356,418,447,440,237,341,403,435,467,491,507,516,455,401,364,325,200,101,42,15,1,6962
703,5474,Veflinge ,60,59,84,77,46,38,58,76,95,107,89,118,108,82,56,38,23,18,6,1,0,1239
704,5485,Skamby ,35,50,42,58,49,47,51,58,58,67,59,66,46,34,28,30,15,4,2,0,0,799
705,5491,Blommenslyst ,68,71,90,114,59,65,67,86,104,106,121,102,83,75,50,63,29,14,3,0,0,1370
706,5492,Vissenbjerg ,304,331,356,371,257,250,345,330,379,451,451,483,405,352,351,301,167,85,41,7,1,6018
707,5500,Middelfart ,1181,1153,1288,1567,849,941,1225,1110,1214,1672,1781,2008,1582,1573,1532,1553,863,427,179,32,8,23738
708,5540,Ullerslev ,227,249,312,332,229,240,251,278,318,377,390,422,312,302,286,264,165,78,37,9,3,5081
709,5550,Langeskov ,357,360,379,345,225,291,381,378,389,403,431,416,355,323,311,324,209,123,56,13,1,6070
710,5560,Aarup ,304,304,336,348,238,263,370,331,343,411,406,464,375,323,317,290,204,107,50,5,0,5789
711,5580,Nørre Aaby ,246,255,316,301,176,239,267,242,243,289,339,386,308,244,225,208,147,77,18,6,0,4532
712,5591,Gelsted ,127,136,148,141,105,129,162,166,154,198,176,184,182,152,141,118,65,39,15,3,0,2541
713,5592,Ejby ,146,180,196,190,146,194,209,187,203,227,251,246,242,224,199,185,110,56,35,10,1,3437
714,5600,Faaborg ,457,547,668,784,445,492,593,572,688,792,988,1272,1295,1274,1126,1112,665,360,150,26,6,14312
715,5601,Lyø ,1,0,0,0,4,2,0,2,1,2,10,11,6,12,8,10,8,2,2,0,0,81
716,5602,Avernakø ,6,5,8,4,3,2,5,4,1,2,8,5,14,14,11,11,4,4,1,0,0,112
717,5603,Bjørnø ,0,0,0,0,2,1,4,1,0,0,0,1,6,5,2,3,1,1,0,0,0,27
718,5610,Assens ,320,380,405,469,368,367,405,381,428,530,632,788,690,738,662,607,380,182,84,19,1,8836
719,5620,Glamsbjerg ,284,306,371,415,238,259,322,301,367,456,427,466,381,338,282,319,163,105,48,8,0,5856
720,5631,Ebberup ,79,77,120,118,68,66,76,75,88,103,126,152,152,117,112,105,59,20,9,4,0,1726
721,5642,Millinge ,34,40,49,58,26,26,34,39,50,62,72,125,108,97,79,87,65,40,18,1,1,1111
722,5672,Broby ,249,295,358,361,266,295,319,330,381,436,480,450,422,373,333,350,175,105,54,13,1,6046
723,5683,Haarby ,193,198,248,271,164,182,227,232,246,300,343,418,370,370,362,336,174,107,48,19,2,4810
724,5690,Tommerup ,433,477,574,560,279,322,467,463,510,567,637,622,519,459,433,387,200,113,43,12,2,8079
725,5700,Svendborg ,2064,2086,2258,2532,2202,2052,2264,2257,2348,2427,2622,2980,2811,3068,2668,2452,1459,746,292,98,11,41697
726,5750,Ringe ,670,777,821,924,530,601,795,729,767,925,925,933,766,712,656,628,412,219,84,32,3,12909
727,5762,Vester Skerninge ,303,321,310,301,230,272,305,281,295,315,276,343,362,328,267,244,163,94,32,14,1,5057
728,5771,Stenstrup ,216,206,241,235,167,196,243,256,251,271,297,347,281,264,234,172,109,76,26,8,3,4099
729,5772,Kværndrup ,139,140,151,142,115,149,188,171,160,190,189,185,166,151,127,110,67,38,16,2,0,2596
730,5792,Årslev ,637,645,641,576,276,389,641,644,567,583,628,650,513,467,448,424,273,136,54,12,2,9206
731,5800,Nyborg ,909,1015,1035,1382,897,882,1042,1047,1034,1304,1410,1659,1490,1436,1373,1312,776,411,160,54,2,20630
732,5853,Ørbæk ,200,232,342,328,166,198,240,228,305,363,315,382,286,302,248,240,179,94,49,12,0,4709
733,5854,Gislev ,79,79,118,102,66,106,103,90,112,113,130,151,138,141,107,100,54,35,17,6,3,1850
734,5856,Ryslinge ,107,127,141,142,77,94,120,122,108,141,167,167,153,135,131,127,68,42,9,1,0,2179
735,5863,Ferritslev Fyn ,85,90,107,119,59,80,86,105,107,118,127,109,102,72,109,106,76,32,15,15,1,1720
736,5871,Frørup ,60,73,86,100,62,53,86,84,95,106,141,136,148,123,95,76,37,14,6,4,0,1585
737,5874,Hesselager ,72,114,121,120,70,82,93,116,129,135,140,170,184,217,165,128,73,56,13,3,1,2202
738,5881,Skårup Fyn ,140,160,194,205,115,70,111,158,180,211,194,179,231,199,158,131,92,50,23,3,1,2805
739,5882,Vejstrup ,43,46,58,56,23,35,54,56,61,50,62,88,58,56,38,33,28,13,9,1,0,868
740,5883,Oure ,35,41,64,102,42,34,46,40,49,74,76,75,77,59,39,38,20,11,2,0,1,925
741,5884,Gudme ,64,69,96,75,38,46,57,74,84,92,62,91,85,98,63,60,24,21,9,3,0,1211
742,5892,Gudbjerg Sydfyn ,44,41,76,63,34,38,54,52,64,91,73,78,67,58,56,59,39,24,17,3,0,1031
743,5900,Rudkøbing ,208,266,334,330,259,248,273,333,366,382,480,568,582,632,612,554,301,200,72,35,1,7036
744,5932,Humble ,41,55,75,73,45,46,56,64,79,102,124,155,160,189,170,151,82,53,11,6,3,1740
745,5935,Bagenkop ,18,19,32,33,9,17,17,27,31,26,42,53,74,90,70,62,38,21,8,2,0,689
746,5943,Strynø ,14,16,13,7,5,1,3,18,18,10,8,16,18,16,24,14,5,10,3,0,0,219
747,5953,Tranekær ,72,67,80,90,62,93,85,109,123,123,178,227,249,313,277,245,134,87,48,10,3,2675
748,5960,Marstal ,65,86,108,176,106,98,105,93,101,129,157,231,255,265,266,229,157,84,32,9,1,2753
749,5965,Birkholm ,2,0,0,0,0,2,2,0,0,0,0,0,1,2,0,1,1,0,0,0,0,11
750,5970,Ærøskøbing ,81,99,149,97,37,57,66,100,125,141,173,214,225,221,179,220,129,80,31,7,2,2433
751,5985,Søby Ærø ,18,25,28,18,24,31,16,17,31,36,74,79,93,88,80,73,49,17,10,4,0,811
752,6000,Kolding ,3330,3448,3767,4083,4365,4519,4215,3688,3705,4325,4378,4333,3622,3452,2994,3003,1853,906,342,84,13,64425
753,6040,Egtved ,495,497,532,551,281,329,483,480,499,599,522,594,452,435,417,391,223,144,66,12,2,8004
754,6051,Almind ,94,120,162,169,86,74,91,117,132,198,180,165,95,103,105,86,55,21,8,2,0,2063
755,6052,Viuf ,52,56,81,65,31,42,57,48,62,76,82,83,68,49,51,24,28,9,6,1,0,971
756,6064,Jordrup ,53,49,83,94,49,52,62,63,82,91,105,118,93,78,63,40,27,21,4,1,2,1230
757,6070,Christiansfeld ,310,325,381,429,236,232,358,340,363,422,436,461,402,329,324,284,214,120,32,17,0,6015
758,6091,Bjert ,164,180,186,176,77,70,142,139,131,193,205,239,172,170,162,150,104,33,19,3,0,2715
759,6092,Sønder Stenderup ,47,39,42,47,35,40,36,29,50,67,71,93,62,66,55,30,26,5,4,1,0,845
760,6093,Sjølund ,71,67,66,57,34,46,68,84,66,72,82,90,65,62,43,31,33,10,4,0,1,1052
761,6094,Hejls ,44,53,63,38,28,26,35,43,64,67,69,88,111,117,98,79,30,14,5,1,0,1073
762,6100,Haderslev ,1536,1688,1976,2139,1716,1671,1754,1717,1923,2087,2255,2566,2402,2264,1939,1838,1169,676,240,55,7,33618
763,6200,Aabenraa ,1351,1349,1620,1884,1539,1422,1513,1463,1490,1787,2018,2239,1903,1778,1792,1645,1043,530,220,58,5,28649
764,6210,Barsø ,0,0,0,1,2,0,0,0,0,1,3,0,0,1,0,2,3,0,0,0,0,13
765,6230,Rødekro ,622,669,703,760,450,524,679,601,692,769,828,853,777,766,674,669,351,200,81,17,0,11685
766,6240,Løgumkloster ,280,354,365,350,274,289,341,358,306,313,372,466,498,497,352,354,205,149,60,15,3,6201
767,6261,Bredebro ,141,154,149,152,132,160,193,130,135,157,212,265,285,222,207,197,101,49,24,2,0,3067
768,6270,Tønder ,463,548,639,673,510,532,554,564,551,648,744,931,895,930,767,623,421,213,80,26,1,11313
769,6280,Højer ,69,95,102,115,88,79,110,93,96,118,134,196,219,191,164,143,75,56,23,6,1,2173
770,6300,Gråsten ,288,383,431,409,252,250,354,395,405,478,536,569,521,527,497,535,353,148,78,18,3,7430
771,6310,Broager ,238,273,307,295,131,202,247,245,254,280,340,370,314,312,283,269,153,80,37,13,1,4644
772,6320,Egernsund ,61,62,83,86,53,49,59,74,70,92,105,139,140,132,103,123,67,36,5,0,0,1539
773,6330,Padborg ,210,244,245,291,171,171,225,262,305,313,373,457,428,412,377,329,198,113,38,9,0,5171
774,6340,Kruså ,220,234,234,231,127,132,198,220,240,287,262,355,362,349,277,279,177,83,26,11,0,4304
775,6360,Tinglev ,191,224,238,288,161,197,224,232,255,288,278,339,317,319,285,241,145,83,25,12,1,4343
776,6372,Bylderup-Bov ,136,179,214,215,132,123,165,204,192,203,222,267,235,193,182,113,104,59,29,14,0,3181
777,6392,Bolderslev ,87,103,100,104,62,82,113,91,102,96,104,144,121,120,99,62,30,17,10,0,0,1647
778,6400,Sønderborg ,1692,1826,2012,2498,2261,2042,2094,1915,2002,2296,2623,2818,2292,2011,1919,1937,1393,707,258,63,6,36665
779,6430,Nordborg ,407,515,609,635,452,478,555,554,544,681,875,1014,948,832,702,726,538,366,111,21,3,11566
780,6440,Augustenborg ,222,273,321,359,239,278,318,274,288,360,424,526,458,422,372,368,279,150,66,13,2,6012
781,6470,Sydals ,302,368,414,398,189,197,257,344,366,431,455,487,446,452,436,416,264,145,58,16,0,6441
782,6500,Vojens ,629,648,797,867,561,665,735,776,830,921,1000,1074,989,896,784,749,500,260,99,24,1,13805
783,6510,Gram ,199,211,236,271,175,255,241,212,254,273,310,373,308,331,264,254,172,108,33,5,1,4486
784,6520,Toftlund ,219,274,266,322,205,178,246,256,256,280,300,347,361,359,332,304,186,105,36,11,0,4843
785,6534,Agerskov ,96,110,90,103,93,86,115,88,95,110,131,141,118,128,116,91,68,35,17,4,0,1835
786,6535,Branderup J ,34,49,44,40,27,42,32,31,42,47,46,62,48,41,24,20,9,12,2,0,1,653
787,6541,Bevtoft ,50,58,62,78,49,64,67,68,66,87,89,108,109,86,70,58,22,13,8,0,0,1212
788,6560,Sommersted ,96,115,139,111,98,126,152,119,133,130,165,189,153,114,115,103,60,18,13,1,3,2153
789,6580,Vamdrup ,406,402,450,491,281,345,443,421,408,578,529,571,493,427,357,359,217,138,44,13,2,7375
790,6600,Vejen ,888,864,1029,1023,649,790,920,907,969,1073,1097,1156,1002,839,800,846,509,276,90,33,2,15762
791,6621,Gesten ,69,77,97,67,50,59,95,73,112,105,85,108,78,61,75,67,21,10,7,1,1,1318
792,6622,Bække ,89,106,107,106,87,95,98,103,127,124,139,143,106,88,87,68,40,18,10,5,1,1747
793,6623,Vorbasse ,98,116,118,128,87,112,114,129,149,132,147,203,146,128,87,91,57,30,14,2,0,2088
794,6630,Rødding ,511,582,661,654,484,474,502,557,619,677,665,722,693,654,545,490,350,235,102,14,3,10194
795,6640,Lunderskov ,256,291,365,312,163,217,298,297,345,358,331,351,268,211,184,174,104,71,35,9,2,4642
796,6650,Brørup ,320,341,384,445,304,302,421,369,436,426,469,441,406,393,370,319,228,140,57,10,1,6582
797,6660,Lintrup ,28,42,43,41,35,53,42,33,41,57,59,70,43,31,25,28,9,4,0,1,0,685
798,6670,Holsted ,187,203,208,240,186,219,228,218,255,252,231,278,259,243,203,172,136,75,27,6,0,3826
799,6682,Hovborg ,33,26,35,21,26,23,48,35,27,31,31,42,43,41,28,27,21,14,4,0,0,556
800,6683,Føvling ,69,55,56,56,52,61,56,49,64,72,79,79,74,72,44,39,25,17,2,0,0,1021
801,6690,Gørding ,146,130,153,164,129,157,163,140,119,162,178,196,169,155,124,96,59,46,14,3,0,2503
802,6700,Esbjerg ,1101,1044,1120,1574,3431,3267,2113,1505,1473,1654,1907,2111,1793,1704,1357,1195,788,452,172,47,4,29812
803,6705,Esbjerg Ø ,796,772,761,820,909,933,962,824,757,839,972,1065,950,853,716,724,394,218,84,13,3,14365
804,6710,Esbjerg V ,1504,1595,1608,1443,608,784,1463,1484,1438,1559,1563,1757,1596,1505,1426,1469,866,355,102,23,2,24150
805,6715,Esbjerg N ,577,677,767,708,404,578,634,654,745,814,735,805,757,677,684,661,382,179,74,17,2,11531
806,6720,Fanø ,127,152,180,192,75,63,99,124,164,207,230,260,265,334,356,338,141,76,36,7,0,3426
807,6731,Tjæreborg ,266,276,267,222,94,150,225,225,228,259,223,249,198,167,162,199,115,70,21,5,0,3621
808,6740,Bramming ,695,674,751,714,455,619,769,606,626,712,707,880,781,764,606,518,347,193,64,9,2,11492
809,6752,Glejbjerg ,59,70,75,83,54,60,75,78,80,66,82,92,84,63,33,58,42,27,10,3,1,1195
810,6753,Agerbæk ,84,113,89,77,68,88,102,100,94,74,88,119,104,96,79,81,65,54,21,4,0,1600
811,6760,Ribe ,703,775,850,916,617,647,780,774,793,908,1062,1080,1121,1121,1050,819,527,309,113,25,4,14994
812,6771,Gredstedbro ,151,165,167,146,103,126,178,156,135,155,156,183,178,174,124,101,55,49,15,2,0,2519
813,6780,Skærbæk ,309,321,349,340,262,295,357,308,331,310,387,484,478,473,346,317,233,120,40,12,0,6072
814,6792,Rømø ,12,9,19,20,12,9,11,16,19,25,46,66,60,79,59,53,33,7,6,1,0,562
815,6800,Varde ,1161,1235,1364,1402,1080,1142,1319,1212,1317,1384,1569,1641,1464,1382,1256,1107,772,401,155,41,4,22408
816,6818,Årre ,171,174,197,186,115,153,202,170,201,236,194,261,170,168,125,107,69,30,17,4,1,2951
817,6823,Ansager ,157,134,161,120,116,159,188,148,151,147,181,224,210,216,152,128,95,44,20,5,0,2756
818,6830,Nørre Nebel ,124,132,171,192,106,132,136,147,155,186,216,241,267,247,226,227,119,85,37,9,0,3155
819,6840,Oksbøl ,202,213,223,241,116,136,190,169,185,233,265,313,265,248,273,229,125,82,34,9,0,3751
820,6851,Janderup Vestj ,74,86,87,64,48,67,70,81,67,87,80,106,100,91,73,61,26,19,11,0,0,1298
821,6852,Billum ,35,44,65,72,41,35,43,37,49,68,77,78,47,47,44,39,19,11,6,1,0,858
822,6853,Vejers Strand ,1,0,0,3,2,3,1,1,2,4,2,5,8,18,14,16,10,3,1,0,0,94
823,6854,Henne ,17,23,35,28,42,26,25,24,30,47,54,61,52,61,49,41,13,8,2,0,0,638
824,6855,Outrup ,83,102,106,104,68,72,106,100,103,96,123,126,151,106,87,67,54,32,18,2,1,1707
825,6857,Blåvand ,11,9,5,15,34,22,17,18,21,26,35,44,47,75,61,51,27,9,4,0,0,531
826,6862,Tistrup ,123,116,141,111,83,114,128,126,112,125,127,166,115,128,98,101,56,50,13,6,1,2040
827,6870,Ølgod ,276,280,328,351,284,284,326,275,309,309,404,481,420,426,353,283,201,114,58,16,0,5778
828,6880,Tarm ,311,332,361,509,363,343,371,346,358,462,452,534,477,431,423,372,264,139,56,17,1,6922
829,6893,Hemmet ,66,94,79,108,102,88,80,77,91,98,141,190,168,144,93,86,52,21,13,2,0,1793
830,6900,Skjern ,675,724,866,977,637,689,715,689,767,895,928,981,861,725,721,631,415,274,111,19,4,13304
831,6920,Videbæk ,488,533,538,527,362,384,516,507,462,522,512,577,593,547,478,419,280,167,67,19,2,8500
832,6933,Kibæk ,254,268,290,331,219,243,268,261,281,371,356,413,330,294,278,234,165,69,28,6,1,4960
833,6940,Lem St ,113,130,118,145,96,119,115,119,110,155,165,173,146,120,102,98,69,39,15,11,1,2159
834,6950,Ringkøbing ,617,682,760,1079,617,662,738,638,745,876,943,1061,1074,1067,962,842,492,305,95,20,1,14276
835,6960,Hvide Sande ,120,166,189,207,118,107,149,154,172,228,233,239,206,249,226,222,109,49,22,6,0,3171
836,6971,Spjald ,179,182,210,223,148,170,168,211,180,186,212,250,226,161,152,146,96,61,18,7,1,3187
837,6973,Ørnhøj ,71,75,87,82,83,78,93,66,69,67,97,75,74,59,57,54,33,23,12,4,0,1259
838,6980,Tim ,88,98,116,129,86,90,99,82,112,120,129,135,117,112,102,110,59,36,12,3,0,1835
839,6990,Ulfborg ,189,229,241,305,205,195,195,219,271,270,312,382,377,363,327,364,213,106,47,13,3,4826
840,7000,Fredericia ,2590,2749,3140,3331,2674,2984,3321,2986,3248,3672,3830,4203,3484,3084,2715,2824,1708,839,338,81,11,53812
841,7080,Børkop ,862,895,905,868,475,593,831,828,875,935,916,952,755,706,722,666,366,166,55,11,0,13382
842,7100,Vejle ,3661,3258,3536,3927,4254,4587,4696,3833,3833,4088,4120,4421,3510,3108,2846,2772,1759,891,361,88,14,63563
843,7120,Vejle Øst ,922,928,920,839,342,425,731,909,782,887,857,874,686,595,573,563,250,130,31,12,2,12258
844,7130,Juelsminde ,325,371,417,538,283,284,356,393,449,562,656,781,730,697,650,675,418,229,92,20,1,8927
845,7140,Stouby ,103,99,129,146,107,98,110,98,147,135,178,180,141,118,78,77,38,11,8,0,0,2001
846,7150,Barrit ,58,53,78,92,78,54,69,74,87,121,116,97,106,93,60,53,31,16,6,2,0,1344
847,7160,Tørring ,333,362,367,327,284,325,398,385,360,361,374,398,359,317,280,255,141,94,39,13,0,5772
848,7171,Uldum ,118,121,168,146,85,105,131,131,163,177,135,135,118,121,106,71,47,34,17,6,1,2136
849,7173,Vonge ,48,49,50,72,50,42,58,63,54,71,67,99,65,68,50,38,21,15,2,0,0,982
850,7182,Bredsten ,163,154,218,242,172,138,157,155,209,258,272,292,217,186,186,182,108,57,21,6,0,3393
851,7183,Randbøl ,59,51,63,57,36,44,48,73,60,70,61,108,94,83,74,57,33,8,10,0,0,1089
852,7184,Vandel ,39,62,63,59,46,58,78,55,73,59,85,100,67,53,59,39,24,7,4,1,0,1031
853,7190,Billund ,385,470,514,457,324,377,443,519,545,533,511,497,473,397,381,377,219,92,47,11,0,7572
854,7200,Grindsted ,751,751,833,952,688,743,791,766,881,873,938,991,939,866,775,729,460,289,112,30,1,14159
855,7250,Hejnsvig ,89,107,105,126,75,70,123,119,129,135,144,179,155,136,98,81,44,31,14,4,1,1965
856,7260,Sønder Omme ,109,119,142,144,101,107,136,155,155,163,175,174,167,148,130,115,78,53,20,2,1,2394
857,7270,Stakroge ,11,16,23,32,17,10,16,24,25,45,34,43,36,33,27,16,11,1,2,2,0,424
858,7280,Sønder Felding ,54,86,103,113,86,78,97,77,103,123,120,150,143,116,117,102,76,45,17,4,0,1810
859,7300,Jelling ,329,376,449,495,308,317,324,321,417,509,450,473,425,318,279,262,179,89,33,8,3,6364
860,7321,Gadbjerg ,79,96,87,107,60,79,92,97,105,110,114,133,99,96,87,80,44,22,8,2,0,1597
861,7323,Give ,538,604,712,630,559,583,640,623,692,776,762,905,760,681,629,578,377,210,91,28,1,11379
862,7330,Brande ,551,594,699,651,466,481,627,687,698,742,648,701,672,612,543,478,279,148,78,11,4,10370
863,7361,Ejstrupholm ,159,156,199,206,126,130,183,192,186,179,198,192,225,216,172,149,88,58,12,8,0,3034
864,7362,Hampen ,17,28,48,35,19,30,43,54,54,60,60,71,58,51,29,28,9,6,1,0,0,701
865,7400,Herning ,3252,3351,3442,3802,3932,3860,3927,3407,3409,3898,3982,4118,3467,3079,2857,2757,1765,901,352,100,4,59662
866,7430,Ikast ,1004,1086,1202,1336,933,1006,1134,1096,1221,1225,1289,1316,1064,978,1009,933,540,276,105,21,3,18777
867,7441,Bording ,209,215,257,241,155,218,232,228,200,265,279,325,248,222,201,200,125,51,29,5,2,3907
868,7442,Engesvang ,195,176,188,199,108,124,190,192,192,225,193,233,214,170,140,113,63,33,14,2,0,2964
869,7451,Sunds ,301,308,394,402,255,301,312,340,308,431,452,490,392,424,380,320,183,111,31,6,1,6142
870,7470,Karup J ,288,341,409,433,302,335,411,355,426,432,478,542,510,464,384,365,210,112,59,8,0,6864
871,7480,Vildbjerg ,342,398,484,453,280,266,338,386,460,453,501,530,470,424,369,329,191,100,37,12,0,6823
872,7490,Aulum ,295,319,318,342,223,274,291,263,281,341,313,326,263,276,287,241,126,94,34,11,0,4918
873,7500,Holstebro ,2673,2677,2846,3025,2850,2777,2901,2578,2653,2861,2818,3134,2699,2565,2294,2012,1234,676,256,64,5,45598
874,7540,Haderup ,94,113,133,113,95,87,101,132,107,121,125,147,140,118,120,75,41,39,8,1,1,1911
875,7550,Sørvad ,104,122,124,143,67,62,93,92,130,118,107,117,111,91,74,57,38,32,14,4,0,1700
876,7560,Hjerm ,102,92,113,120,61,65,104,86,92,125,123,126,112,125,90,72,50,23,6,1,0,1688
877,7570,Vemb ,111,118,108,148,115,109,143,108,125,166,143,184,166,173,167,140,79,51,17,3,1,2375
878,7600,Struer ,657,715,844,1142,723,690,754,715,836,1009,1132,1296,1098,1133,1143,1069,622,328,132,32,8,16078
879,7620,Lemvig ,586,584,665,783,601,560,636,586,593,789,885,1085,1015,983,910,835,586,288,118,18,3,13109
880,7650,Bøvlingbjerg ,36,50,43,51,35,50,51,56,49,51,56,75,92,82,39,41,37,27,15,1,0,937
881,7660,Bækmarksbro ,79,72,84,94,62,69,63,85,93,88,90,116,98,82,71,51,45,28,17,1,0,1388
882,7673,Harboøre ,61,67,89,104,69,43,68,80,72,109,111,159,113,140,128,135,61,24,11,2,1,1647
883,7680,Thyborøn ,53,85,91,123,84,56,87,84,82,106,133,188,183,159,130,132,70,36,12,3,1,1898
884,7700,Thisted ,1407,1342,1463,1684,1264,1312,1512,1375,1328,1537,1613,1741,1701,1640,1583,1363,816,420,185,39,1,25326
885,7730,Hanstholm ,146,145,155,155,117,120,174,178,166,154,196,209,204,210,182,171,95,37,12,4,0,2830
886,7741,Frøstrup ,51,71,53,64,44,37,66,61,67,72,78,148,121,132,84,85,41,18,12,4,0,1309
887,7742,Vesløs ,36,55,55,61,57,44,50,47,54,54,76,98,100,83,73,65,42,18,5,1,0,1074
888,7752,Snedsted ,219,219,284,254,182,215,250,240,254,265,311,389,401,334,277,216,131,81,51,15,2,4590
889,7755,Bedsted Thy ,94,105,120,164,99,107,119,85,90,142,146,214,178,158,133,115,96,37,15,3,0,2220
890,7760,Hurup Thy ,168,208,275,282,160,163,215,208,245,297,279,327,356,372,335,288,179,108,42,10,0,4517
891,7770,Vestervig ,58,42,53,81,52,56,45,55,46,73,117,122,147,133,159,117,66,27,10,2,0,1461
892,7790,Thyholm ,97,116,181,180,103,100,104,132,163,203,207,243,230,227,247,223,107,73,21,9,1,2967
893,7800,Skive ,1067,1206,1430,1645,1496,1372,1413,1344,1401,1574,1735,1860,1666,1606,1484,1418,852,441,174,55,2,25241
894,7830,Vinderup ,324,379,435,442,283,301,376,396,404,489,474,512,516,466,448,423,266,143,57,13,1,7148
895,7840,Højslev ,227,273,313,312,148,198,245,229,286,305,288,369,363,332,297,238,176,81,31,8,2,4721
896,7850,Stoholm Jyll ,200,211,284,257,148,175,215,218,267,234,231,216,228,206,197,192,124,68,32,9,0,3712
897,7860,Spøttrup ,330,308,404,399,235,272,377,338,384,461,473,564,567,518,389,359,241,143,56,18,2,6838
898,7870,Roslev ,398,436,514,537,378,385,447,464,486,596,670,795,813,761,699,594,376,220,89,20,2,9680
899,7884,Fur ,27,24,29,19,19,15,24,31,20,29,43,68,72,91,83,69,39,19,8,3,0,732
900,7900,Nykøbing M ,551,582,705,849,635,623,687,610,637,765,913,1051,983,990,928,859,500,274,117,28,8,13295
901,7950,Erslev ,153,151,180,234,139,124,171,144,166,187,207,240,259,226,222,166,131,74,38,4,1,3217
902,7960,Karby ,42,40,52,45,14,35,44,40,39,38,46,59,88,73,62,48,41,22,15,3,0,846
903,7970,Redsted M ,27,47,52,36,26,34,38,41,44,42,56,54,68,48,32,36,30,11,4,2,0,728
904,7980,Vils ,61,61,46,49,24,41,54,60,31,36,39,54,50,39,37,20,26,9,3,1,0,741
905,7990,Øster Assels ,38,48,68,47,38,54,54,55,57,54,71,94,93,108,86,64,44,16,9,1,0,1099
906,8000,Aarhus C ,2243,1089,1211,1918,20562,19556,7052,2972,2197,2387,2721,2846,2421,2141,1972,1607,953,526,246,84,10,76714
907,8200,Aarhus N ,1535,1105,1079,1248,6723,6995,3342,1847,1448,1275,1327,1431,1408,1290,933,639,382,181,104,22,3,34317
908,8210,Aarhus V ,1576,1321,1251,1280,3074,3236,2209,1527,1314,1241,1245,1299,1249,1140,916,687,405,208,96,30,1,25305
909,8220,Brabrand ,1227,1218,1278,1417,2260,1884,1420,1194,1184,1184,1179,1107,911,743,723,603,377,207,69,26,7,20218
910,8230,Åbyhøj ,725,686,695,662,1687,1641,1033,832,720,740,678,736,646,592,483,379,190,134,66,15,2,13342
911,8240,Risskov ,1829,1509,1489,1762,3990,3589,2473,1775,1582,1665,1662,1813,1587,1497,1423,1279,723,413,180,43,7,32290
912,8250,Egå ,723,680,656,712,362,364,580,650,641,673,815,815,665,620,670,750,456,289,82,27,5,11235
913,8260,Viby J ,1706,1770,1600,1668,2609,2526,2260,1940,1738,1701,1660,1677,1461,1354,1101,1034,636,358,156,51,9,29015
914,8270,Højbjerg ,1230,1319,1444,1461,1047,943,1256,1330,1391,1465,1622,1692,1459,1377,1156,1003,597,407,172,49,0,22420
915,8300,Odder ,1205,1232,1343,1462,855,739,1224,1229,1227,1459,1567,1733,1567,1456,1420,1260,719,435,170,39,5,22346
916,8305,Samsø ,150,152,174,130,85,97,138,166,181,205,260,327,370,388,319,301,165,109,41,15,2,3775
917,8310,Tranbjerg J ,596,558,502,413,316,380,631,618,537,531,590,634,578,568,525,489,283,142,59,17,2,8969
918,8320,Mårslet ,516,566,488,409,217,151,368,471,485,445,435,395,339,362,312,260,139,78,27,8,0,6471
919,8330,Beder ,258,290,304,307,171,99,228,237,299,266,368,342,359,310,332,303,187,106,38,4,0,4808
920,8340,Malling ,436,406,387,339,195,252,414,402,420,374,388,427,433,390,301,260,147,67,14,3,0,6055
921,8350,Hundslund ,62,65,80,84,57,67,75,50,77,89,102,141,102,100,79,64,32,11,5,0,0,1342
922,8355,Solbjerg ,480,524,427,325,135,165,415,442,447,374,305,258,270,205,229,232,121,74,22,9,0,5459
923,8361,Hasselager ,598,531,457,386,281,392,588,616,515,498,516,615,531,476,363,305,161,76,23,3,2,7933
924,8362,Hørning ,714,719,753,677,297,374,603,726,704,712,656,582,425,405,420,397,239,145,41,9,3,9601
925,8370,Hadsten ,853,797,974,1032,504,558,800,815,868,1080,1002,859,730,628,619,647,357,163,61,18,3,13368
926,8380,Trige ,391,323,290,274,225,314,406,345,325,361,323,280,282,256,213,188,88,38,19,4,0,4945
927,8381,Tilst ,834,735,698,826,1023,1163,1034,768,729,737,826,777,682,548,534,548,290,162,38,9,1,12962
928,8382,Hinnerup ,1124,1086,1127,1106,463,481,946,1003,1057,1148,1030,920,721,675,729,683,377,178,59,9,1,14923
929,8400,Ebeltoft ,360,336,431,479,341,242,353,378,430,573,689,915,937,1084,1022,998,596,295,99,20,2,10580
930,8410,Rønde ,521,479,541,627,331,307,458,499,507,585,612,644,562,552,537,486,277,164,57,21,1,8768
931,8420,Knebel ,137,150,136,167,90,90,124,125,142,202,229,268,286,287,307,286,136,70,41,3,0,3276
932,8444,Balle ,46,63,65,53,41,40,51,71,69,86,69,80,79,83,56,56,22,9,2,1,0,1042
933,8450,Hammel ,462,549,664,745,365,358,518,512,631,793,731,726,580,535,568,521,345,201,74,21,5,9904
934,8462,Harlev J ,367,343,346,324,181,225,329,320,339,361,347,327,246,206,229,237,189,82,23,8,0,5029
935,8464,Galten ,1059,1013,898,902,408,408,924,978,881,1015,922,840,690,607,632,611,297,141,50,11,0,13287
936,8471,Sabro ,430,458,429,386,274,298,470,406,452,396,406,430,338,283,233,180,127,50,24,6,0,6076
937,8472,Sporup ,62,63,63,60,39,47,60,73,76,63,82,87,65,64,40,31,17,7,1,0,0,1000
938,8500,Grenaa ,746,738,847,1329,913,953,998,802,858,993,1221,1471,1336,1252,1231,1134,718,369,177,31,3,18120
939,8520,Lystrup ,765,808,876,824,410,421,734,765,814,877,808,744,634,663,586,549,271,115,41,13,0,11718
940,8530,Hjortshøj ,360,430,496,440,195,154,304,363,435,437,427,377,360,296,266,243,148,72,23,3,0,5829
941,8541,Skødstrup ,738,835,810,677,338,325,638,757,808,808,644,496,455,445,419,419,237,116,39,7,1,10012
942,8543,Hornslet ,560,572,539,566,311,367,553,546,528,557,580,635,486,421,409,408,269,122,42,8,1,8480
943,8544,Mørke ,246,204,257,211,129,168,269,228,226,272,249,302,275,235,166,176,90,51,8,4,0,3766
944,8550,Ryomgård ,244,223,278,293,164,197,262,272,272,317,314,263,257,231,187,191,98,40,19,5,0,4127
945,8560,Kolind ,206,193,234,193,148,150,219,202,205,236,218,303,250,254,183,172,87,44,28,4,0,3529
946,8570,Trustrup ,75,80,81,97,80,88,97,99,96,145,123,167,142,118,104,85,44,29,4,1,0,1755
947,8581,Nimtofte ,51,57,71,67,44,54,85,62,88,93,91,111,81,68,57,48,25,14,8,0,0,1175
948,8585,Glesborg ,81,98,106,142,91,103,127,88,121,157,183,235,229,293,275,211,122,75,32,6,1,2776
949,8586,Ørum Djurs ,77,103,111,88,63,77,85,120,99,122,124,155,142,159,128,80,56,40,11,1,0,1841
950,8592,Anholt ,4,5,12,3,0,2,3,6,8,12,12,15,12,15,17,12,4,0,0,1,0,143
951,8600,Silkeborg ,4745,4022,4137,4709,3445,3938,5116,4240,3888,4617,4785,4981,3972,3801,3610,3346,1833,955,348,94,11,70593
952,8620,Kjellerup ,590,576,708,740,512,620,691,632,708,851,819,882,771,743,645,544,347,184,89,20,6,11678
953,8632,Lemming ,77,77,64,64,47,46,63,76,73,75,81,87,70,64,52,35,17,14,2,1,0,1085
954,8641,Sorring ,108,105,139,106,44,45,86,92,133,141,116,112,103,81,69,46,32,12,6,0,1,1577
955,8643,Ans By ,127,146,181,188,125,150,154,126,159,204,194,222,174,214,175,142,96,58,30,4,0,2869
956,8653,Them ,301,245,262,255,136,157,278,256,253,307,234,267,252,256,235,187,78,50,18,10,1,4038
957,8654,Bryrup ,151,142,147,169,63,88,151,116,165,149,182,208,168,166,159,128,64,32,9,3,1,2461
958,8660,Skanderborg ,1892,1746,1828,2061,1196,1101,1731,1733,1907,2107,2168,2234,1764,1580,1557,1391,706,376,128,43,0,29249
959,8670,Låsby ,146,180,190,168,83,98,158,168,167,230,197,142,138,121,121,100,50,28,9,4,0,2498
960,8680,Ry ,881,897,766,739,313,200,608,811,641,715,746,778,670,666,531,475,255,153,58,20,2,10925
961,8700,Horsens ,4597,4281,4479,4569,5495,5476,5601,4831,4703,5065,5089,5010,4106,3766,3686,3366,1874,1013,370,105,17,77499
962,8721,Daugård ,91,108,111,122,61,70,81,98,95,130,133,150,104,83,83,80,40,29,9,2,0,1680
963,8722,Hedensted ,590,551,601,757,406,466,574,536,577,725,741,737,543,481,465,484,269,131,63,20,2,9719
964,8723,Løsning ,402,452,517,485,297,335,453,442,494,548,533,547,463,394,337,243,141,97,37,14,1,7232
965,8732,Hovedgård ,222,213,245,265,112,138,222,212,246,243,280,248,185,193,148,152,77,55,22,7,2,3487
966,8740,Brædstrup ,436,445,553,554,334,344,485,463,514,575,596,651,530,548,451,434,253,159,58,16,4,8403
967,8751,Gedved ,179,224,229,194,98,96,192,189,270,243,185,183,159,134,138,104,45,19,11,10,0,2902
968,8752,Østbirk ,284,231,286,275,141,223,307,253,265,299,257,307,262,226,185,167,108,57,16,12,0,4161
969,8762,Flemming ,59,48,68,85,37,53,66,72,59,95,79,78,59,56,39,30,10,10,2,1,0,1006
970,8763,Rask Mølle ,94,99,107,125,66,77,107,98,99,114,112,108,109,96,86,71,46,34,19,7,0,1674
971,8765,Klovborg ,44,48,51,38,50,63,65,59,57,62,50,74,57,64,55,44,29,18,10,3,0,941
972,8766,Nørre Snede ,140,128,132,153,102,149,186,151,127,179,184,200,183,161,184,139,98,47,18,1,0,2662
973,8781,Stenderup ,48,55,45,53,34,55,44,50,61,61,75,78,58,58,21,21,6,5,7,0,0,835
974,8783,Hornsyld ,144,146,190,183,127,165,171,183,174,208,211,227,194,155,128,139,77,49,29,7,2,2909
975,8789,Endelave ,0,0,1,2,0,2,0,2,4,8,5,17,27,33,18,17,9,6,0,0,0,151
976,8799,Tunø ,1,0,1,3,0,2,3,0,2,4,4,6,5,3,14,10,10,1,2,0,0,71
977,8800,Viborg ,2593,2762,3244,3727,2862,3083,3136,2860,2993,3432,3348,3564,2946,2823,2593,2415,1431,755,315,92,13,50987
978,8830,Tjele ,455,517,626,574,349,447,537,497,511,605,651,712,612,582,509,398,259,153,52,15,2,9063
979,8831,Løgstrup ,181,193,236,277,96,104,163,179,201,232,236,237,227,221,190,187,103,46,16,4,1,3330
980,8832,Skals ,165,179,212,234,122,155,179,162,197,220,243,302,282,243,221,191,129,61,24,3,0,3524
981,8840,Rødkærsbro ,158,159,214,186,118,138,174,159,196,181,197,210,182,151,140,119,68,18,12,2,0,2782
982,8850,Bjerringbro ,498,575,683,688,465,501,574,600,715,738,856,921,850,742,620,619,391,257,90,24,1,11408
983,8860,Ulstrup ,197,234,238,238,149,185,220,245,248,297,289,331,300,245,198,188,113,77,26,5,1,4024
984,8870,Langå ,503,535,517,508,262,337,524,484,538,594,603,582,489,432,438,383,233,143,35,14,1,8155
985,8881,Thorsø ,146,151,195,168,112,133,159,166,166,222,212,219,172,139,147,124,78,54,15,0,1,2779
986,8882,Fårvang ,106,119,142,123,121,106,152,169,153,175,171,183,170,116,95,79,47,30,6,8,0,2271
987,8883,Gjern ,117,132,138,150,89,52,115,116,149,163,157,165,139,97,108,106,49,30,11,2,2,2087
988,8900,Randers C ,409,360,430,670,1722,1747,1039,714,673,795,798,859,671,609,621,623,377,238,98,30,3,13486
989,8920,Randers NV ,1253,1277,1448,1516,1027,1178,1409,1345,1389,1620,1682,1785,1508,1316,1295,1207,724,366,170,39,2,23556
990,8930,Randers NØ ,1038,959,1029,1139,922,1200,1214,1015,1043,1257,1329,1367,1143,1022,996,977,595,304,123,25,5,18702
991,8940,Randers SV ,480,451,523,490,485,490,557,497,553,600,679,707,551,564,470,499,281,142,41,13,0,9073
992,8950,Ørsted ,115,110,128,124,153,122,137,137,161,178,235,307,285,253,201,185,78,54,11,4,0,2978
993,8960,Randers SØ ,979,931,989,1002,632,714,979,954,917,1122,1154,1121,972,791,800,755,502,238,75,16,4,15647
994,8961,Allingåbro ,196,206,247,232,187,189,265,244,246,268,279,364,318,314,268,212,104,67,28,9,0,4243
995,8963,Auning ,274,263,249,257,194,224,276,254,272,316,284,326,281,293,261,248,152,87,34,6,3,4554
996,8970,Havndal ,141,139,165,186,129,171,192,162,198,244,243,280,248,240,188,157,69,30,13,6,0,3201
997,8981,Spentrup ,241,251,302,284,153,183,240,246,304,333,348,339,251,240,273,248,114,61,13,7,0,4431
998,8983,Gjerlev J ,133,167,227,187,155,153,163,162,201,234,263,237,192,214,164,151,103,48,18,4,0,3176
999,8990,Fårup ,168,155,175,172,95,147,196,151,189,215,203,233,206,204,153,120,65,40,21,8,0,2916
1000,9000,Aalborg ,2930,2563,2648,3454,15613,12514,6031,3684,3418,3587,3610,3987,3337,3026,2797,2672,1722,996,403,118,19,79129
1001,9200,Aalborg SV ,930,750,795,827,542,867,1003,870,831,864,885,797,641,589,522,532,355,184,60,12,2,12858
1002,9210,Aalborg SØ ,966,971,985,880,719,852,933,981,926,935,937,938,868,763,679,672,410,215,85,15,3,14733
1003,9220,Aalborg Øst ,978,777,754,766,2160,2189,1398,973,833,869,864,1007,878,753,641,586,310,145,42,19,1,16943
1004,9230,Svenstrup J ,745,782,805,685,319,439,759,803,802,805,726,731,658,603,546,521,301,130,37,7,1,11205
1005,9240,Nibe ,662,742,845,805,386,505,689,712,830,901,818,963,860,748,729,581,389,195,85,11,1,12457
1006,9260,Gistrup ,454,486,542,475,206,255,387,489,523,473,522,568,514,438,359,323,180,88,32,6,1,7321
1007,9270,Klarup ,426,447,423,323,126,221,369,368,391,373,320,262,237,216,277,308,163,58,23,2,0,5333
1008,9280,Storvorde ,450,407,516,537,234,303,443,481,444,568,549,621,526,500,457,366,240,116,41,7,0,7806
1009,9293,Kongerslev ,103,115,121,163,91,96,120,121,158,147,165,195,167,139,148,121,55,36,17,3,0,2281
1010,9300,Sæby ,499,567,584,631,366,373,530,584,602,694,848,999,979,1046,958,906,539,314,125,23,3,12170
1011,9310,Vodskov ,704,618,610,676,355,487,717,621,701,736,759,762,629,563,603,597,341,193,63,15,2,10752
1012,9320,Hjallerup ,449,432,445,391,173,245,464,424,409,449,405,471,396,402,371,326,172,108,36,9,1,6578
1013,9330,Dronninglund ,437,402,468,480,325,373,488,433,441,492,534,613,544,470,418,377,239,154,50,17,3,7758
1014,9340,Asaa ,63,63,72,103,46,67,93,88,95,137,124,165,146,147,142,125,61,29,14,3,1,1784
1015,9352,Dybvad ,75,81,71,96,67,76,95,98,83,118,132,134,125,87,75,100,49,26,7,6,1,1602
1016,9362,Gandrup ,159,137,185,176,75,112,144,177,159,141,184,206,194,170,134,109,46,26,8,4,0,2546
1017,9370,Hals ,187,216,262,296,185,212,203,231,270,331,403,536,564,566,600,552,290,138,46,12,0,6100
1018,9380,Vestbjerg ,246,246,250,204,66,98,225,232,217,215,192,170,129,137,162,157,88,38,15,1,0,3088
1019,9381,Sulsted ,120,111,160,153,80,86,129,118,126,178,186,190,140,112,119,123,52,28,12,2,1,2226
1020,9382,Tylstrup ,102,95,126,123,87,118,111,113,125,132,154,154,124,95,81,93,57,33,18,3,2,1946
1021,9400,Nørresundby ,1140,1000,978,1111,2007,2420,2029,1444,1308,1403,1391,1606,1494,1271,1186,1083,719,405,155,35,5,24190
1022,9430,Vadum ,342,344,314,294,153,206,349,303,281,348,350,327,239,185,225,293,148,71,27,1,0,4800
1023,9440,Aabybro ,676,708,808,730,368,468,642,670,774,791,728,726,632,561,629,717,365,181,66,17,3,11260
1024,9460,Brovst ,308,332,468,490,296,320,404,395,411,503,516,596,571,544,506,439,253,147,54,11,0,7564
1025,9480,Løkken ,164,161,180,266,136,135,164,163,190,229,319,395,424,421,391,363,180,87,40,13,1,4422
1026,9490,Pandrup ,268,311,325,337,235,294,320,311,333,407,411,518,489,457,418,329,176,103,32,9,3,6086
1027,9492,Blokhus ,21,19,19,44,30,25,16,15,38,54,89,162,153,210,194,213,110,28,16,0,0,1456
1028,9493,Saltum ,59,58,60,68,38,52,65,56,61,78,78,111,113,128,114,77,71,24,12,10,0,1333
1029,9500,Hobro ,1174,1147,1341,1463,1043,1215,1347,1208,1282,1505,1610,1736,1527,1329,1150,1077,604,389,158,36,5,22346
1030,9510,Arden ,252,255,299,294,162,254,280,278,309,290,312,368,324,362,278,219,131,75,32,13,1,4788
1031,9520,Skørping ,327,389,458,466,207,211,368,315,375,476,477,522,467,407,370,318,168,112,35,12,0,6480
1032,9530,Støvring ,1048,913,830,726,321,522,939,891,784,822,714,740,593,616,612,565,289,148,68,11,1,12153
1033,9541,Suldrup ,180,138,176,166,107,138,197,164,142,157,183,215,167,160,138,136,76,43,14,6,0,2703
1034,9550,Mariager ,220,242,306,354,226,220,280,243,282,383,384,474,448,472,429,352,209,99,34,16,2,5675
1035,9560,Hadsund ,429,469,473,561,357,427,490,486,522,624,714,883,931,863,778,778,422,256,86,16,4,10569
1036,9574,Bælum ,48,52,75,88,56,45,56,49,78,78,94,108,95,91,74,74,32,27,16,5,0,1241
1037,9575,Terndrup ,112,115,116,132,65,128,113,111,104,147,128,140,146,139,134,128,82,61,17,6,0,2124
1038,9600,Aars ,701,845,808,813,608,666,816,794,783,868,869,950,918,781,725,665,452,241,98,26,1,13428
1039,9610,Nørager ,230,241,291,260,158,189,288,274,279,250,279,319,255,220,161,171,108,72,32,2,0,4079
1040,9620,Aalestrup ,244,306,286,309,187,271,318,302,309,292,357,407,356,326,313,244,162,101,33,17,2,5142
1041,9631,Gedsted ,63,68,74,79,59,67,71,79,63,87,91,102,103,94,72,70,41,26,12,2,0,1323
1042,9632,Møldrup ,148,152,160,188,97,131,140,143,163,165,193,209,187,165,115,134,82,57,24,6,0,2659
1043,9640,Farsø ,315,376,425,465,336,342,382,359,436,483,528,581,566,534,573,502,277,157,62,16,2,7717
1044,9670,Løgstør ,262,325,413,444,302,300,357,337,375,437,543,635,570,565,544,503,327,147,73,18,3,7480
1045,9681,Ranum ,54,44,65,132,59,85,57,65,59,67,93,118,103,112,84,66,47,26,7,0,0,1343
1046,9690,Fjerritslev ,350,389,398,527,363,370,396,335,386,431,566,596,621,558,479,459,263,147,64,11,2,7711
1047,9700,Brønderslev ,961,982,1237,1287,818,915,1040,985,1080,1240,1231,1357,1202,1122,1026,1004,671,356,160,41,6,18721
1048,9740,Jerslev J ,144,137,128,143,83,135,153,155,148,163,168,177,175,130,107,83,47,46,16,4,0,2342
1049,9750,Østervrå ,138,149,159,138,94,123,170,131,148,163,162,209,195,183,137,129,61,54,32,4,0,2579
1050,9760,Vrå ,285,304,374,341,242,279,322,330,321,333,304,378,342,300,254,226,152,101,32,7,3,5230
1051,9800,Hjørring ,1641,1742,1953,2168,1839,1907,1904,1739,1947,2164,2282,2499,2212,2110,2034,1778,1090,624,252,73,9,33967
1052,9830,Tårs ,159,171,184,199,131,140,161,180,189,186,200,240,259,239,174,171,108,97,39,10,1,3238
1053,9850,Hirtshals ,345,361,404,475,273,368,414,399,373,504,618,828,746,671,612,589,360,183,51,8,6,8588
1054,9870,Sindal ,301,300,385,352,235,313,361,308,380,399,414,500,521,463,388,316,201,132,51,18,1,6339
1055,9881,Bindslev ,87,98,131,135,94,89,89,103,103,175,224,271,233,244,206,182,108,61,34,7,2,2676
1056,9900,Frederikshavn ,1319,1384,1555,1813,1337,1519,1633,1553,1654,1891,1967,2451,2089,1866,1704,1797,1108,573,204,62,10,29489
1057,9940,Læsø ,50,60,66,66,41,59,54,42,57,112,135,160,154,175,189,182,97,65,18,6,1,1789
1058,9970,Strandby ,95,140,151,153,63,86,95,125,119,146,160,209,217,184,164,167,99,53,27,9,0,2462
1059,9981,Jerup ,31,26,37,39,18,34,36,32,43,48,67,90,86,105,87,83,34,10,9,1,0,916
1060,9982,Ålbæk ,47,57,80,62,50,51,59,57,75,112,113,146,165,174,157,193,94,38,13,5,0,1748
1061,9990,Skagen ,249,282,327,333,225,289,321,379,349,415,534,692,678,692,638,617,384,197,68,16,5,7690
1062,9999,Unknown,258,301,276,308,1491,2176,1871,1272,1078,867,812,683,390,170,65,34,12,3,5,0,2,12074
